controller,stress,count,safe_completion,task_success,regret,unsafe_rate,slip_rate,damage_rate,alias_rate,abstain_rate,certificate_precision,certificate_recall,boundary_f1,irreducible_score,hidden_need
abstract_history_summary,adversarial_boundary_swap,2016,0.5424174242549616,0.6851050023953921,0.3805430386634479,0.2144064415119741,0.2556234281269771,0.16192471833107586,0.6270479227228682,0.12061479941859989,0.6716140297151756,0.27889526397051895,0.3870156886377539,0.31380857031744175,0.6233971446949983
abstract_history_summary,combined_shift,2016,0.6903870809601172,0.7961348050572058,0.20791754584154,0.12285321225006866,0.2000743801517858,0.10623211169350227,0.5009704090286231,0.08924417878178874,0.6820071219601767,0.20885246660469853,0.3157530535823788,0.1399359503794638,0.5429828260021903
abstract_history_summary,delayed_tactile,2016,0.7308813197619215,0.8254256164786383,0.17677916160557627,0.09877188458997997,0.1167352619647737,0.09967699533630124,0.4903614163508138,0.08066199956015759,0.6864019561512599,0.2006822006057181,0.30814237495729074,0.116482628751798,0.5064202598852535
abstract_history_summary,friction_shift,2016,0.7725753986454719,0.8544592860605869,0.153968362415496,0.07525430385438285,0.15737404385202472,0.09517796839137972,0.45328902762787404,0.07117072711059659,0.6897836455923604,0.20511479575583264,0.3131701506200105,0.09818510963006141,0.5055404004069701
abstract_history_summary,geometry_shift,2016,0.7728936205061089,0.8550685884786828,0.15157065857973645,0.07543900602994585,0.1522841953532386,0.0941612715105219,0.4547400748651157,0.07133360543764394,0.689503147262458,0.20364313289081512,0.31162926988447043,0.09546048838309634,0.5020935967100462
abstract_history_summary,in_distribution,2016,0.8303669406767641,0.8966830574866986,0.10880257385954903,0.044562402288485466,0.0635583963486722,0.08418751072441179,0.42517922965100047,0.0599907570716311,0.6923245175992132,0.19142972061369512,0.2995791237087215,0.060823856642448985,0.4524921939620276
abstract_history_summary,payload_shift,2016,0.7833431462682523,0.8622412567627918,0.14644116676026814,0.06937248362416909,0.14302066617346848,0.09354088661394591,0.4481209598014398,0.06898455377756761,0.6905013111632559,0.20375975691567963,0.31190786283883526,0.09230166543367245,0.4980145231689944
abstract_history_summary,rare_regime_upweight,2016,0.749946612628516,0.8382027055710517,0.17698596792125124,0.08550384299716429,0.12976059762495648,0.10146255292166834,0.46207199877766997,0.07691306286218907,0.6885851998565441,0.20765577037922478,0.3155885121541563,0.11915149406239177,0.5196511649336407
abstract_history_summary,sensor_noise,2016,0.7245250422464934,0.8248586501127707,0.1622558575475698,0.10512991457180532,0.09627065162490288,0.09057997290560993,0.49462012035488284,0.08510522102392772,0.6849153309772308,0.19787858752272017,0.3050573075150779,0.09392842400551424,0.4992965536230989
abstract_nearest_regime,adversarial_boundary_swap,2016,0.4742449514334263,0.6116847542564081,0.472591249202795,0.31317294683779007,0.3036475911383474,0.224929332480994,0.6945346380331899,0.07591994742003347,0.64399482873459,0.18191042285622,0.2817780157826137,0.40761897784586815,0.6233971446949983
abstract_nearest_regime,combined_shift,2016,0.6421393733429934,0.7416844429844998,0.2714759107236645,0.2000643615752054,0.23495849690136125,0.1550376094478125,0.5692048868230563,0.0553360302377347,0.6801117316817029,0.16029842126533758,0.25838694549063246,0.20089624225340252,0.5429828260021903
abstract_nearest_regime,delayed_tactile,2016,0.7025106333516868,0.788387417178783,0.22166236103614054,0.1614122776642992,0.14481383220201285,0.14192383887192714,0.5449169740400565,0.04889772272169506,0.686935799621806,0.15777432421602353,0.25596912031208036,0.1605345805050313,0.5064202598852535
abstract_nearest_regime,friction_shift,2016,0.7198836755595428,0.7989519821268346,0.21786144831425477,0.14688128166460285,0.19194086053928683,0.14191806240186083,0.5281186441102047,0.04535273169266469,0.6881884834986722,0.1600308455051786,0.25878971079877794,0.15835215134821767,0.5055404004069701
abstract_nearest_regime,geometry_shift,2016,0.7223250783640691,0.8012038755684011,0.21353809927184664,0.1460861398207509,0.18605662738039266,0.14024840645741538,0.5285335007094637,0.045233850335576586,0.6883217233628574,0.15937287670109718,0.25801148069740537,0.15364156845098095,0.5020935967100462
abstract_nearest_regime,in_distribution,2016,0.7923724483079841,0.85395690907368,0.15733407527773563,0.10054826860747554,0.08883778586891423,0.12482011601096801,0.49593092466999006,0.03769905172368598,0.6938171006197852,0.15459659879023713,0.25274853248813633,0.10618060694802783,0.4524921939620276
abstract_nearest_regime,payload_shift,2016,0.7325013202479439,0.8084636701970562,0.2083392833630282,0.13861899183882898,0.17679267485238845,0.13939298869302702,0.522345619212964,0.043951398013687464,0.689144125363238,0.1595400323253965,0.25828838254128356,0.1504816871309701,0.4980145231689944
abstract_nearest_regime,rare_regime_upweight,2016,0.6948586278639113,0.7798271162426491,0.2462084341992353,0.16030915703903606,0.1668468025152316,0.1508950206004734,0.5371411344424843,0.04916359341874715,0.6865126504941738,0.16093030254538707,0.25972277629218676,0.18561700628808017,0.5196511649336407
abstract_nearest_regime,sensor_noise,2016,0.6881726553053512,0.7796762918480785,0.21519401994453907,0.17371779580964897,0.12604457405800762,0.13514647983470535,0.5610473476948034,0.05184997324995359,0.68585974859792,0.1563606989815895,0.2541747639001274,0.14351273628001737,0.4992965536230989
boundary_certified,adversarial_boundary_swap,2016,0.5020910096656339,0.7567455466453951,0.26647809461649546,0.0349419470818749,0.1612880722978807,0.016708047908406472,0.5255082024716214,0.3482510120487557,0.8068199058584908,0.7234160595157683,0.741731910944081,0.20547018074470197,0.6233971446949983
boundary_certified,combined_shift,2016,0.6251741441900178,0.8459824325886935,0.131568361685598,0.005190486748892416,0.1226039697324923,0.002383001713882842,0.39632137806294027,0.26669073204670185,0.6940855129947587,0.4340776855533763,0.5219294446531986,0.07375992433123314,0.5429828260021903
boundary_certified,delayed_tactile,2016,0.6729875424942204,0.8766714267145517,0.10065598413569131,0.0018670772467527736,0.04957567936432647,0.0012891739928726678,0.37590190207624086,0.23622097592255592,0.689252265926955,0.40215512248159774,0.5003354092040975,0.048603207439197924,0.5064202598852535
boundary_certified,friction_shift,2016,0.7021699898346552,0.888178950951002,0.09787402741316704,0.0014015924098582328,0.08682564297503015,0.0017981140106093302,0.3590508810178019,0.2134083275615172,0.6994540337634438,0.41711869706381227,0.5131868003384441,0.04806410743757485,0.5055404004069701
boundary_certified,geometry_shift,2016,0.7013858367799476,0.8884139425756957,0.09556800808604399,0.0013379889166446712,0.0823355715447632,0.0015925126617575365,0.3598475206009873,0.2142834433445215,0.6973984360291553,0.41219374157764577,0.5093690842155669,0.04558892886190775,0.5020935967100462
boundary_certified,in_distribution,2016,0.7540880983800444,0.9189663557160554,0.06505159438769927,0.0002004869539632872,0.01658771297747013,0.0006235827119631093,0.33423636874307333,0.181141581360693,0.6878920824995138,0.36888472292814034,0.4786233839484167,0.020505092114209155,0.4524921939620276
boundary_certified,payload_shift,2016,0.7122779232307261,0.8937413257433537,0.09222556019035297,0.0011145648906996076,0.07467647821777602,0.0016140365913400124,0.35431375494183653,0.20664044220927333,0.6990992898868185,0.41229773226674066,0.510022439297069,0.04348342364732515,0.4980145231689944
boundary_certified,rare_regime_upweight,2016,0.678582941955724,0.8746111534217687,0.11500767366476444,0.0022837487888875524,0.06442396550342117,0.0026632892671485837,0.36620821475032633,0.22949209892971725,0.7005190421861369,0.4263288179827066,0.5194579161767322,0.06337957236596713,0.5196511649336407
boundary_certified,sensor_noise,2016,0.6391242085253069,0.8626275830326666,0.10034979156819628,0.002512363948080583,0.039017050849367484,0.0005704989199039426,0.39471438278685406,0.2623203791385832,0.6841274783517098,0.3943433323175005,0.4935634028485734,0.041949366313537434,0.4992965536230989
conservative_safe_action,adversarial_boundary_swap,2016,0.47248181724378846,0.5796819931411555,0.4389752692680538,0.13723372548221904,0.2052561906403413,0.06760208170902436,0.7185641317601461,0.12293285086768292,0.6348719894177968,0.14872983024440667,0.24036293846603135,0.3753904766008537,0.6233971446949983
conservative_safe_action,combined_shift,2016,0.6401465544944032,0.7134394012595139,0.23483749661886463,0.047671713485020854,0.13281235452725934,0.016369025059172267,0.5916133779860789,0.08625031808227024,0.6797777604716498,0.1439240740964343,0.2371991520786074,0.15905271171497373,0.5429828260021903
conservative_safe_action,delayed_tactile,2016,0.6966767171970433,0.7589310309798306,0.19022593204363017,0.021909333348422575,0.05247841139743399,0.008794682977780476,0.5665811060100088,0.07562660513896995,0.6873273061125006,0.14341073199876028,0.23708395154026551,0.11922370426874211,0.5064202598852535
conservative_safe_action,friction_shift,2016,0.7084291460762958,0.7657423382017327,0.19038591157205917,0.01958620634823321,0.09404539840593815,0.010117815659541576,0.5508041741382655,0.06959372562974046,0.6880160889547063,0.14482179404985496,0.23893815546117586,0.12260862938387958,0.5055404004069701
conservative_safe_action,geometry_shift,2016,0.7102994351220917,0.7675068147404575,0.18642732024825592,0.0185596850695347,0.08864565963313574,0.00923963199163894,0.5509486729292348,0.0695634143957519,0.6882863605299521,0.14445427154834073,0.2384867509199132,0.11814615025977168,0.5020935967100462
conservative_safe_action,in_distribution,2016,0.7722480355069762,0.8195051947086209,0.13939400817683953,0.004065117254494576,0.01693866767176169,0.003588102793751505,0.5173520582864276,0.057400696959691966,0.6946981415118101,0.14230266991132232,0.2361750652747278,0.07431024429491774,0.4524921939620276
conservative_safe_action,payload_shift,2016,0.7196972270339613,0.7748362633542767,0.18219118664371634,0.015741511838470126,0.08035955325941922,0.008876957664400597,0.54495289096797,0.06727661562421679,0.689050912658968,0.14463538670992496,0.23877345958262985,0.11527564709161774,0.4980145231689944
conservative_safe_action,rare_regime_upweight,2016,0.6884817291140296,0.750851761462597,0.21473499228489695,0.027161395576687467,0.07205129486185044,0.014835961993406163,0.560113723668178,0.07538418432523594,0.6861721231489092,0.1451474428145694,0.23922395049804954,0.14703467536777884,0.5196511649336407
conservative_safe_action,sensor_noise,2016,0.6804590313439332,0.7479552283630199,0.18512485183871255,0.02539743101587782,0.03977965872752328,0.006381889054755713,0.581753492772109,0.0820081498474046,0.6865059994653557,0.14243222169829703,0.23577092714253517,0.10656264389421102,0.4992965536230989
logged_risk_minimizer,adversarial_boundary_swap,2016,0.4782451459501604,0.6090987966370549,0.4463969655889382,0.2296967032219015,0.25999022643801867,0.1562425470342006,0.6914665775199017,0.10885248022229546,0.6576465835621249,0.23303057764642296,0.33954029317886003,0.38472556609504704,0.6233971446949983
logged_risk_minimizer,combined_shift,2016,0.6492143996748237,0.7408175281651483,0.2434079009135329,0.12041348865831993,0.18989652462044912,0.08736804611193857,0.5638407020268194,0.0778987042516124,0.6803668338207124,0.18514413839378166,0.2884879323017932,0.1744913115511235,0.5429828260021903
logged_risk_minimizer,delayed_tactile,2016,0.7100922490521145,0.787815026326727,0.1948796254615745,0.08480336706828187,0.10125179378541285,0.07487196483019717,0.5392139356387821,0.06838853352671247,0.6860889045446933,0.17947389455578003,0.28298121194730774,0.13396820365884715,0.5064202598852535
logged_risk_minimizer,friction_shift,2016,0.7257472354406819,0.7971171813360352,0.19199690900122143,0.07560741547118742,0.1475513606305872,0.07587834053376,0.5223698980819595,0.06325805873935347,0.688188631036902,0.1830720565787341,0.2871775977228243,0.13362840157646935,0.5055404004069701
logged_risk_minimizer,geometry_shift,2016,0.7277610650126708,0.798896981800021,0.18785025820977064,0.07455028370248976,0.1417570138360772,0.07429039909147932,0.522758133954311,0.06313546477217927,0.6881161677169116,0.18195638674485934,0.28594589338524085,0.12914253459019376,0.5020935967100462
logged_risk_minimizer,in_distribution,2016,0.7955724118661425,0.8510823254525804,0.13601050201763676,0.03909622798608384,0.05296142949827993,0.06103620657290126,0.4897322275399993,0.052612559812169384,0.6922152728084235,0.1730601956725844,0.2766617412114414,0.08589466900747121,0.4524921939620276
logged_risk_minimizer,payload_shift,2016,0.7380046249790099,0.806385641878761,0.1829504833730428,0.0687284106180626,0.1325544260966023,0.0736258753986425,0.5165348005757859,0.061236349896313096,0.6890229134501441,0.18210474368866406,0.28622471551951845,0.12613606524150614,0.4980145231689944
logged_risk_minimizer,rare_regime_upweight,2016,0.7017335220094689,0.779330590862507,0.2192666140797115,0.08728741660400087,0.12258386678411631,0.08407941836086986,0.5315019136289899,0.06869490409999889,0.6867671232080734,0.18486925207967833,0.2889839655819642,0.15973168992772482,0.5196511649336407
logged_risk_minimizer,sensor_noise,2016,0.6937136652303848,0.7774619786006066,0.18910471308478335,0.09435476682332748,0.08451763566804267,0.06846049188488827,0.5553191427857985,0.073159797642368,0.6846411340239152,0.17737427545570172,0.2804962163559101,0.119074329103667,0.4992965536230989
mask_aware_diagnostic,adversarial_boundary_swap,2016,0.5681204164689603,0.7778790733208251,0.24918472812690687,0.05056052922627413,0.16990025847345994,0.03616956833687617,0.5130887739294516,0.2645931090334657,0.7686609104259192,0.6980123758366242,0.7071891141945001,0.1895006461836499,0.6233971446949983
mask_aware_diagnostic,combined_shift,2016,0.6846793085627548,0.8611372621195121,0.12157247647981147,0.014341089008397178,0.13422377163185342,0.011125700991347914,0.3882792287121999,0.20433423021828923,0.6678022086941449,0.40082528188110783,0.4861922460501541,0.06530942907963184,0.5429828260021903
mask_aware_diagnostic,delayed_tactile,2016,0.7191731607711025,0.8819968227796376,0.10031077543876236,0.007740018855501131,0.06105103537603297,0.009416733605595263,0.3806608252077953,0.18508947276506232,0.662478019972811,0.3678256049375901,0.46387707277727586,0.049639271654372194,0.5064202598852535
mask_aware_diagnostic,friction_shift,2016,0.7602558035199081,0.906219805063209,0.08568354886437356,0.0033110773064248546,0.09729390116433624,0.009151730793367445,0.3451458166932623,0.16230776954324697,0.673032942741069,0.38297312787280197,0.47686854721126376,0.03798475291084293,0.5055404004069701
mask_aware_diagnostic,geometry_shift,2016,0.7589904380791379,0.9058962767398148,0.08413822850263332,0.0032473694736900845,0.09262241734625598,0.008665138082000834,0.34663214927442826,0.16331032444700594,0.6710726710964077,0.3778910383949677,0.47299587201267723,0.03630604336563945,0.5020935967100462
mask_aware_diagnostic,in_distribution,2016,0.8046131284791965,0.9341784095680533,0.05775622068517366,0.0007389887943338231,0.023036850373423304,0.006556685707983154,0.3224542136429965,0.13933362640582408,0.6619689505265013,0.33305523582276547,0.4415027867438451,0.01519177905429514,0.4524921939620276
mask_aware_diagnostic,payload_shift,2016,0.7688438127574844,0.9111845862081608,0.08082902608280851,0.0025931386059061742,0.08390519308085587,0.008806996622613672,0.3408431801557273,0.15742574860056555,0.6726478356794945,0.3779692693022143,0.4735897592394561,0.03420048270214149,0.4980145231689944
mask_aware_diagnostic,rare_regime_upweight,2016,0.7397501058207985,0.8940008384171528,0.10105498047149875,0.005347902754367205,0.07096399221547693,0.010975358401354399,0.35243223209059815,0.17401117645679468,0.6740936363253945,0.3925468712715811,0.4833576094573752,0.05133314094651118,0.5196511649336407
mask_aware_diagnostic,sensor_noise,2016,0.700846579353283,0.8780517166262237,0.09158455133448036,0.008035030851121144,0.0466357285045652,0.005425171761346979,0.3848425525483548,0.20140353504210065,0.6585426656442126,0.3595389462122823,0.4571624654451085,0.035500373843472884,0.4992965536230989
no_audit_latent_policy,adversarial_boundary_swap,2016,0.41671575239286823,0.5544077797948812,0.5568777187099583,0.4589734246733777,0.3619160042423859,0.32572329270703687,0.737346297954133,0.0,0.603238095238111,0.03650793650793655,0.06388888888888819,0.4745400106059651,0.6233971446949983
no_audit_latent_policy,combined_shift,2016,0.5885863537605609,0.6888003637016721,0.34669781533187666,0.33404669980370544,0.28769598266971735,0.2463252732916346,0.614248646662322,0.0,0.6797142857143086,0.08809523809523521,0.15416666666667184,0.25398995667429236,0.5429828260021903
no_audit_latent_policy,delayed_tactile,2016,0.6604881942039302,0.7448124669108614,0.2939232387880702,0.28108090902310573,0.196392526316244,0.2307521625735083,0.5896567090797241,0.0,0.6898666666666918,0.09365079365079046,0.1638888888888947,0.21073131579060894,0.5064202598852535
no_audit_latent_policy,friction_shift,2016,0.6663639304575072,0.7484264509182311,0.29145160650890845,0.2735417348690885,0.244255780131079,0.23062909100686022,0.5739972514275214,0.0,0.6885809523809745,0.09126984126983821,0.15972222222222776,0.2103894503276973,0.5055404004069701
no_audit_latent_policy,geometry_shift,2016,0.6699010622242542,0.75143894506625,0.2866170312393462,0.27179294280664246,0.2381553215776922,0.22873867830881137,0.574119173829797,0.0,0.6893333333333552,0.09206349206348896,0.16111111111111673,0.20513830394423035,0.5020935967100462
no_audit_latent_policy,in_distribution,2016,0.7532830305337905,0.8161955100360486,0.22492904841412786,0.20970826500752776,0.13782598482179736,0.21044227522850614,0.5407068173616264,0.0,0.6990476190476447,0.09920634920634569,0.17361111111111754,0.15431496205449247,0.4524921939620276
no_audit_latent_policy,payload_shift,2016,0.6804832234530493,0.7593503265807979,0.2812841747284662,0.26289034375915554,0.2289509771737469,0.22765476834526113,0.5682075055069957,0.0,0.6899047619047843,0.09206349206348896,0.16111111111111673,0.2021274429343677,0.4980145231689944
no_audit_latent_policy,rare_regime_upweight,2016,0.6489534082845865,0.7341345621054514,0.3200645517397848,0.28393717940288266,0.21983320123066397,0.24104876999648622,0.5832515206150284,0.0,0.686133333333355,0.08968253968253671,0.1569444444444498,0.23933300307665878,0.5196511649336407
no_audit_latent_policy,sensor_noise,2016,0.6508087594568551,0.7383591180416965,0.28578423918151447,0.29183452861613834,0.1771525643602439,0.22423619681310983,0.6047456808599726,0.0,0.6899095238095493,0.09484126984126658,0.16597222222222816,0.19263141090061092,0.4992965536230989
optimistic_reward_action,adversarial_boundary_swap,2016,0.4072569963818676,0.557690915082938,0.5687411224770006,0.5004276319959925,0.37385804952616153,0.37265025275132374,0.7369284197728948,0.0005494577777777781,0.6054900675571466,0.037673397722481926,0.06570090105802037,0.48189512381540417,0.6233971446949983
optimistic_reward_action,combined_shift,2016,0.5808710110783081,0.6934694379680679,0.35746156451880984,0.3743994822085933,0.29925428700548035,0.29293916248270974,0.6134484947079304,0.00040265777777777817,0.6797000417715783,0.09073809523809616,0.15818421773770652,0.2603857175136997,0.5429828260021903
optimistic_reward_action,delayed_tactile,2016,0.6491679834918044,0.7467249833198679,0.30483012470438536,0.3243317181588643,0.2079034966985466,0.27733600000646963,0.5887535714770021,0.00034561777777777745,0.6896652529817168,0.09646031746031886,0.16816093396405074,0.21700874174636622,0.5064202598852535
optimistic_reward_action,friction_shift,2016,0.6577277170451993,0.7524738303226973,0.30213712914154767,0.31488449443167427,0.25578197841410577,0.2772204031504744,0.5730895797156634,0.00037393777777777786,0.6885209462294848,0.09476006507162223,0.165369039229196,0.21670494603526627,0.5055404004069701
optimistic_reward_action,geometry_shift,2016,0.6602276208504962,0.7544904069780901,0.2972893525012041,0.3132897318683706,0.24967595773184548,0.27532663893643755,0.5732075427299796,0.0003664177777777789,0.6892387681586023,0.09539802447467659,0.16644299370633703,0.21143989432961321,0.5020935967100462
optimistic_reward_action,in_distribution,2016,0.7404938755493309,0.8170542713022702,0.23576538627538074,0.25434805153459095,0.14930110444610586,0.25700081657927315,0.5397217386242622,0.0003139377777777764,0.6987157884662251,0.10228516611788209,0.17834031094167405,0.16050276111526515,0.4524921939620276
optimistic_reward_action,payload_shift,2016,0.6710369996909379,0.7627264162725391,0.2919956174691631,0.3047034416987153,0.24046971259122824,0.27424115910988295,0.5672864244777411,0.0003657777777777789,0.6898239499903841,0.09561741690820286,0.1668696050735933,0.20842428147807068,0.4980145231689944
optimistic_reward_action,rare_regime_upweight,2016,0.6377218971549085,0.7360475214775699,0.3312219670592999,0.32674843843221046,0.23138542584326238,0.2876555858367137,0.5823686381750289,0.000409937777777776,0.6861167255566957,0.09311426840139556,0.16250017973773515,0.24571356460815633,0.5196511649336407
optimistic_reward_action,sensor_noise,2016,0.6383271607174108,0.7392414527482137,0.2967492712679561,0.3355549389540982,0.18865439507663476,0.27081392054674897,0.6038380873686111,0.00033601777777777755,0.6896462485870303,0.09768650793650943,0.17029808490617587,0.19888598769158702,0.4992965536230989
oracle_full_state,adversarial_boundary_swap,2016,0.5877843978835003,0.6878588543360419,0.39587301386312385,0.2682123447114368,0.28760282529474607,0.1972941223572395,0.6534290743978888,0.031578678622364846,0.6122954958006036,0.06203958751892622,0.11039679401064285,0.33375706323686516,0.6233971446949983
oracle_full_state,combined_shift,2016,0.716825785874336,0.7888782885198675,0.23933526817929018,0.17895589534194337,0.2389333116775622,0.14245258114025589,0.5389156062466648,0.024483128447451347,0.6798832810494821,0.10220176234124588,0.1767523619459361,0.17708327919390612,0.5429828260021903
oracle_full_state,delayed_tactile,2016,0.7595940038461223,0.8225158445902959,0.19883320352618522,0.15177301411592545,0.15222814395845774,0.13157032723154055,0.5182538826743459,0.021972232818001404,0.6892981422658431,0.10707299590757756,0.1848964615242589,0.14532035989614445,0.5064202598852535
oracle_full_state,friction_shift,2016,0.7806138096512023,0.8356414983939482,0.19280665272429845,0.13042551113238005,0.19812110359060625,0.13012848581282785,0.5009152271017422,0.01990634685275558,0.6885719395870248,0.1061742074669026,0.18352785390240103,0.1400527589765137,0.5055404004069701
oracle_full_state,geometry_shift,2016,0.7816076451885032,0.8367501824555869,0.18946329086265357,0.13055595716426266,0.19268489106843278,0.12882857605372203,0.5017190337397064,0.01993961271252832,0.6891875713041599,0.10659306371124644,0.1841990726130642,0.1364622276710819,0.5020935967100462
oracle_full_state,in_distribution,2016,0.8309735616990164,0.8744249535074884,0.14408866239111243,0.097250422200543,0.0984119640118307,0.1154695890532771,0.47380090795564556,0.016851103306320923,0.6979671901054868,0.11150685563912942,0.19225491759875155,0.0974665080327194,0.4524921939620276
oracle_full_state,payload_shift,2016,0.7898736202099299,0.8426961968079817,0.18505701134811742,0.12411116277165989,0.18354078246293132,0.12793600108763578,0.4958374460107831,0.01931632735405164,0.6898137256150509,0.10680347831537883,0.1845695868012568,0.13360195615732845,0.4980145231689944
oracle_full_state,rare_regime_upweight,2016,0.7577957775831885,0.8179154712326118,0.216961111307249,0.14505267893041351,0.170983501127777,0.13778034711892606,0.5086052867153452,0.021380421749827676,0.6862964226851651,0.10495932223421656,0.18152027896618572,0.1622087528194427,0.5196511649336407
oracle_full_state,sensor_noise,2016,0.7438109587111795,0.8125474269474939,0.19444639547475812,0.16730840574573044,0.1344446701936643,0.126002149643302,0.5358525522579156,0.02362246554493191,0.6890903523923438,0.1072784703536865,0.18511174501641384,0.13086167548416075,0.4992965536230989
tuned_constant,adversarial_boundary_swap,2016,0.428419654548747,0.5592889840997356,0.548676753898669,0.42368935189977547,0.35627908674554964,0.29487539785643935,0.7386575567269009,0.007157586833839338,0.6077423583604457,0.045766040125745984,0.08107076638296634,0.47544771686387316,0.6233971446949983
tuned_constant,combined_shift,2016,0.6051763253532962,0.6975067106691812,0.33420364946508474,0.29604310315807514,0.2804249567945402,0.21443251502660907,0.6145152043720795,0.005221977169843646,0.6796845661586465,0.09408823480832182,0.1635678989037934,0.25081239198635014,0.5429828260021903
tuned_constant,delayed_tactile,2016,0.6727109505569954,0.7503861646442365,0.28065835547624035,0.24764068303979936,0.18889728292793193,0.19878815595580004,0.589594974584032,0.004628579855578173,0.6894626842882409,0.09993055325095003,0.1736959781053957,0.20699320731982926,0.5064202598852535
tuned_constant,friction_shift,2016,0.6823228792112448,0.7566853996604502,0.27814223975034336,0.23721098160504683,0.23683265248884924,0.19878821924390594,0.5739236580726703,0.004363894931576959,0.6884599457980106,0.09861907627287568,0.17163091188611274,0.20683163122212211,0.5055404004069701
tuned_constant,geometry_shift,2016,0.6848711726091181,0.758774737954985,0.27317657899734465,0.23568439008682357,0.23070585729172569,0.19687820421283372,0.57402476249014,0.004345255630035922,0.6891431847857492,0.09917892200280617,0.17255566521362029,0.2015146432293133,0.5020935967100462
tuned_constant,in_distribution,2016,0.7635686475968569,0.8200794134489069,0.2113433206933918,0.1785893095299105,0.13016088190115235,0.17853867540033017,0.5402954091923166,0.0036591236345291885,0.6983829180151988,0.10536417016916898,0.18302631377515288,0.15015220475288144,0.4524921939620276
tuned_constant,payload_shift,2016,0.6957490982306936,0.767097262019827,0.26785695147999655,0.22730995499260923,0.22149249125268472,0.19580952865853293,0.568081451869111,0.0042391016262355785,0.6897421570480559,0.09939546649012453,0.17296068964159517,0.19848122813171049,0.4980145231689944
tuned_constant,rare_regime_upweight,2016,0.6607930956984314,0.7391530841621904,0.3080666769715204,0.2499865783643538,0.21253335647466745,0.20924144265616693,0.5832751130956683,0.004715759363286244,0.686099094954805,0.0971262859801542,0.16908197235525851,0.2360833911866706,0.5196511649336407
tuned_constant,sensor_noise,2016,0.6616769357753516,0.7429060720253209,0.2725161234068296,0.25901282064652065,0.1696080462487885,0.19217694140199387,0.604616465802698,0.004859950503655713,0.6893818466804655,0.10053174603174286,0.1745900421170178,0.1887701156219712,0.4992965536230989
tuned_visible_linear,adversarial_boundary_swap,2016,0.4381872641171277,0.5689595195525126,0.5375706212120261,0.4116865336869287,0.3495710473464036,0.28971782052025324,0.7332254626697717,0.013613686274535871,0.6099978112595369,0.0543515464964364,0.09682022444286156,0.46617761836600863,0.6233971446949983
tuned_visible_linear,combined_shift,2016,0.6131597476248607,0.70572205215209,0.3253139743312448,0.28598959330761187,0.27494016395354964,0.21075836403488885,0.60934295376789,0.009939420055428897,0.6796818828723328,0.09824176637916791,0.1704104026899687,0.24460040988387577,0.5429828260021903
tuned_visible_linear,delayed_tactile,2016,0.6788413665620285,0.7573135565935585,0.2721061716078947,0.23990859607345638,0.1836674000300317,0.1954591232343134,0.5846190170702086,0.00882011673456465,0.6892735144357237,0.10355435766147998,0.17943541111291852,0.20141850007507942,0.5064202598852535
tuned_visible_linear,friction_shift,2016,0.689539255753613,0.7641354577562001,0.26938971399968603,0.2283004629065965,0.2315187293802095,0.1954487694587356,0.5689425073696842,0.008258981237921985,0.6884117346922783,0.10247012003389747,0.17775891410219966,0.2010468234505246,0.5055404004069701
tuned_visible_linear,geometry_shift,2016,0.6922515163763819,0.7664387545036737,0.2644552715910381,0.22692170568564224,0.2254239905700125,0.19356976227362543,0.5690737333930962,0.008230536946703835,0.6890604943560943,0.10295258671267273,0.17854232973967255,0.19580997642503165,0.5020935967100462
tuned_visible_linear,in_distribution,2016,0.7691084717835022,0.826379333353101,0.20343778298478785,0.17228771783253208,0.125103893824124,0.17556999927497327,0.5355958315584345,0.006919972980122405,0.6980638011988671,0.1084424081725734,0.18766892528174092,0.14500973456030983,0.4524921939620276
tuned_visible_linear,payload_shift,2016,0.7026968647757051,0.7743468069816515,0.2591742476127332,0.21877891439552472,0.21621503241499482,0.19252822713666798,0.5631367262296881,0.008019049662348118,0.689673211804341,0.10316626141531704,0.17892848765550928,0.19278758103748783,0.4980145231689944
tuned_visible_linear,rare_regime_upweight,2016,0.6672160878957314,0.7461209558335914,0.2994779980125421,0.24164013878515797,0.20708150222496174,0.20570960880795205,0.5782120207447986,0.008921054924556764,0.6860941702417456,0.10112895617659812,0.1755107631566078,0.22995375556240413,0.5196511649336407
tuned_visible_linear,sensor_noise,2016,0.6668133871327623,0.7490820199155896,0.2641498580885604,0.2515870922850655,0.16443528080451614,0.18884578564676321,0.5997468239315521,0.009294799846318468,0.6891308112168791,0.10385481788085227,0.17978702941381508,0.18333820201129028,0.4992965536230989
tuned_visible_quadratic,adversarial_boundary_swap,2016,0.4479711947117612,0.5766434859442914,0.5273498809589379,0.4035230915125937,0.34362250391506205,0.2865698465826867,0.7288668053900753,0.0140422537716287,0.6122548983846612,0.06292054988920175,0.11197802586043905,0.45880625978765766,0.6233971446949983
tuned_visible_quadratic,combined_shift,2016,0.622338582706891,0.7130267545845489,0.31634588801260954,0.27875882516053524,0.26978155383920893,0.2083465008841023,0.6051019844568042,0.010253574818518706,0.6796845279091781,0.10239206444095914,0.17709002432716936,0.23920388459802172,0.5429828260021903
tuned_visible_quadratic,delayed_tactile,2016,0.6868846099976793,0.7638916342013665,0.26299231101127085,0.23416116602282253,0.17869892505567322,0.19322921549054756,0.5805156102060153,0.009085027038393688,0.6890899860042234,0.10717634018193832,0.18507345720391966,0.19649731263918288,0.5064202598852535
tuned_visible_quadratic,friction_shift,2016,0.698693495953954,0.7715715569851445,0.26026881322285883,0.22162932005267824,0.22645435675945522,0.19312718842998391,0.5647322100638301,0.008548279738248772,0.6883692868088632,0.10631835851317971,0.18377055120861566,0.19588589189863775,0.5055404004069701
tuned_visible_quadratic,geometry_shift,2016,0.7018093146233589,0.7743141748424913,0.2553845470940377,0.22037195581406993,0.2203943237240027,0.1912807577960565,0.5649166269187941,0.008513738383795225,0.6889835059211827,0.1067237460392784,0.18441914885636984,0.19073580931000625,0.5020935967100462
tuned_visible_quadratic,in_distribution,2016,0.7768100336943623,0.8328128175220131,0.19484364081845904,0.16725455988345167,0.12022515330620859,0.17342530581737778,0.5315433579793029,0.007156803849769972,0.6977510840328679,0.11152034555723894,0.19226981559261103,0.1403080938206624,0.4524921939620276
tuned_visible_quadratic,payload_shift,2016,0.711700087090251,0.7816920741864037,0.25010875171693947,0.21232655692301874,0.21116862972755326,0.19022445215909986,0.558921246405577,0.008300924929940832,0.6896101620289218,0.10693440519314447,0.18478855649518838,0.1876715743188844,0.4980145231689944
tuned_visible_quadratic,rare_regime_upweight,2016,0.6754882677293933,0.7528215899950177,0.2906230244528416,0.2353976580279091,0.20192172272859915,0.20329510216117216,0.5739723319091866,0.009242441742983706,0.6860948636009946,0.10512846017681426,0.18180754380450045,0.22455430682149893,0.5196511649336407
tuned_visible_quadratic,sensor_noise,2016,0.6750711058249093,0.7559454926028761,0.2551226294662658,0.24608468444029158,0.15949886651041079,0.1866465553278905,0.5956862535654562,0.009551424638037962,0.6888855458145202,0.10736075662781175,0.1852577378243215,0.17849716627602638,0.4992965536230989
uncertainty_abstention,adversarial_boundary_swap,2016,0.4019815561649712,0.6737324690439437,0.3606532893103334,0.04830906521199524,0.19309471522417052,0.022141177874384913,0.6150609668617579,0.41131397462059266,0.7355885549512237,0.5611179337193741,0.6146348094002783,0.292486788060426,0.6233971446949983
uncertainty_abstention,combined_shift,2016,0.5573159683857029,0.7878003094448534,0.18658457104485565,0.009603537854302022,0.13654676651732361,0.0031417010088070916,0.4824999390872284,0.2990686398958931,0.6730497919239792,0.337995887286264,0.4362322298890469,0.11611691629330975,0.5429828260021903
uncertainty_abstention,delayed_tactile,2016,0.6141693567053981,0.826814069854004,0.14622726297022504,0.0033106203870223515,0.05751721975932147,0.0016744844904308736,0.45872957586693763,0.2624677144204622,0.6715787684128297,0.31167249979748984,0.4174449012420734,0.0820021271727819,0.5064202598852535
uncertainty_abstention,friction_shift,2016,0.6451323296487302,0.8397219828905251,0.14267001644601976,0.002694951633848434,0.09720712075821256,0.0024504904057827,0.440513131791386,0.2374088999411519,0.6790254153899387,0.3240025505370166,0.42828019427530445,0.08171118612178341,0.5055404004069701
uncertainty_abstention,geometry_shift,2016,0.645112006837462,0.8405374398295079,0.13956087837279765,0.002546353345332858,0.0921547297127254,0.0021558065448966175,0.4411647152665634,0.23789688901305925,0.6776341989715265,0.3199022654471249,0.42497741639617725,0.0782130801445668,0.5020935967100462
uncertainty_abstention,in_distribution,2016,0.7122427552778514,0.8829765567552216,0.0980796871352274,0.0005723899282053368,0.02096522631900549,0.0008584197694332377,0.41028520373237215,0.19644800344137311,0.6725725305157692,0.2840829763227798,0.39808211063538546,0.041451273544970225,0.4524921939620276
uncertainty_abstention,payload_shift,2016,0.6574780469684687,0.8471900015584705,0.13518808197333826,0.002179161895228127,0.08406205723567005,0.0021968915722329423,0.43494085554926226,0.2292037339331291,0.67904032075887,0.3199268610695099,0.4254287275185741,0.07525281702389379,0.4980145231689944
uncertainty_abstention,rare_regime_upweight,2016,0.6169108373365052,0.8226622991533309,0.16537191298558154,0.004208177147864289,0.07437896496188572,0.0036301157847132633,0.44902289958549046,0.2572661462426007,0.6793179955436953,0.33169093820396245,0.43385135383122525,0.10283555623851563,0.5196511649336407
uncertainty_abstention,sensor_noise,2016,0.581493098442108,0.8122713519105804,0.14468836083931133,0.0040883768917885045,0.04571633033421351,0.0007110015322675983,0.47733847562449166,0.2884314026591316,0.6676640832184699,0.30513192017988544,0.4115916472395269,0.07221618570741276,0.4992965536230989
