stress,count,safe_completion,task_success,regret,unsafe_rate,slip_rate,damage_rate,alias_rate,abstain_rate,certificate_precision,certificate_recall,boundary_f1,irreducible_score,hidden_need
adversarial_boundary_swap,26208,0.4743013524013639,0.6306751672500457,0.4423009035305152,0.2688333643887807,0.2785884614930384,0.18865755434230247,0.6702865254008159,0.11687844899319856,0.6592473484051632,0.24033627092693297,0.29554679778831044,0.3738173075787489,0.6233971446950154
combined_shift,26208,0.6320011258468516,0.7518769068626782,0.25513249408821354,0.17448703758159173,0.21554973230942995,0.1305316609912815,0.5452540624569738,0.08685566090640856,0.6796576574633162,0.18822116279878665,0.27264250587055067,0.18120293272717658,0.5429828260021803
rare_regime_upweight,26208,0.6860179162365541,0.7896676653798138,0.2311573773192434,0.1426818702193025,0.1495960149305287,0.12717481337746556,0.5129366944768283,0.07504575245336126,0.6860617216258498,0.18771609445607848,0.274427020496655,0.16668691609783168,0.5196511649336251
delayed_tactile,26208,0.6887829298455445,0.7947450815824878,0.2110834236773578,0.14297774350724865,0.13009315452586143,0.12036791219979065,0.5236738077139989,0.0770926614061493,0.6851322513373617,0.18237228743894032,0.27084501329076693,0.14526332007061526,0.5064202598851947
friction_shift,26208,0.708419589753699,0.8061019785128112,0.20574125995186474,0.13313302566815371,0.1742463791607469,0.12014112917685336,0.5042224620932223,0.06953474467358077,0.6874310804980118,0.18590350276859724,0.27370697299835717,0.14241891079381577,0.5055404004069536
sensor_noise,26208,0.6726801990819494,0.786229567905782,0.20439005100334406,0.151124473123038,0.11321349638160667,0.11507669655948269,0.5380093367964227,0.08399562437801468,0.6837154437523096,0.18035488854154424,0.2691410455343791,0.12967143208719112,0.4992965536230891
geometry_shift,26208,0.7099566009671967,0.807671624733359,0.2019261171966703,0.13233719306032185,0.16868435052079522,0.11884429107086053,0.5047450492847373,0.0697040425535834,0.6873291971406743,0.1847941191007099,0.2729758529809041,0.13827689607426358,0.502093596710062
payload_shift,26208,0.7202835380720377,0.8147655252732371,0.1972031955955367,0.12680527983477266,0.1597852826568697,0.11818836689640609,0.49873252782345373,0.0673046171850075,0.6882365136425105,0.18493956174338394,0.2733433371781342,0.1354019886406911,0.49801452316901185
in_distribution,26208,0.7765954953347544,0.8572534698408264,0.15206434639362518,0.09763247752319948,0.08030115779759577,0.1070859450496269,0.4736026376105715,0.058425170640275505,0.6911859228421262,0.1758259549941619,0.2685033952547558,0.09631629122635889,0.45249219396202844
