task_family,hidden_variable,count,safe_completion,task_success,regret,unsafe_rate,slip_rate,damage_rate,alias_rate,abstain_rate,certificate_precision,certificate_recall,boundary_f1,irreducible_score,hidden_need
cable-route,adhesion,9,0.7359787762701614,0.8005029192465014,0.19960511598180494,0.21508047658779966,0.21418732933015,0.218868596397135,0.5669777262652191,0.0,0.7000000000000001,0.09999999999999999,0.17500000000000002,0.10019054554759727,0.19333324451857703
cable-route,backlash,9,0.7365488438564373,0.8009954593432439,0.19915225627391886,0.21482205162268894,0.21415211625423597,0.2188369046288124,0.5653690596588262,0.0,0.7000000000000001,0.09999999999999999,0.17500000000000002,0.10010251285781219,0.19055968140410648
cable-route,cable_tension,9,0.32026098645181755,0.4748781288588389,0.6676773459520343,0.5153904746900717,0.38880091332078304,0.3760208219887046,0.9966006533066493,0.0,0.5661333333333334,0.011111111111111112,0.019444444444444445,0.5367245055241796,0.992223348612997
cable-route,compliance,9,0.4741845885796625,0.5960166607252427,0.49772750233048146,0.4061069071519343,0.32427925656560164,0.3179513309090415,0.8508064372998527,0.0,0.6830666666666667,0.08888888888888888,0.15555555555555556,0.37542036363622644,0.6918460898001935
cable-route,contact_mode,9,0.4434219471823142,0.5720441882183541,0.5324697846149686,0.42874080345346627,0.3386664206681717,0.33089977860135467,0.8699746415916514,0.0,0.6492,0.06666666666666667,0.11666666666666667,0.4113882738926516,0.7307193342158445
cable-route,fluid_fill,9,0.7374579829231308,0.8026019840656375,0.20291737837680673,0.21714667047502273,0.2151242277632507,0.2197118049869256,0.572781849964312,0.0,0.7000000000000001,0.09999999999999999,0.17500000000000002,0.10253279163034905,0.2033403543445994
cable-route,friction,9,0.467789878324313,0.5913689275216508,0.5065597740663513,0.4119301639911262,0.3282684858853472,0.32154163729681245,0.852639789542531,0.0,0.6641333333333335,0.07777777777777778,0.13611111111111113,0.38539343693559025,0.6950212619978805
cable-route,grasp_affordance,9,0.7328090519032863,0.7993786388237873,0.21009724811110186,0.221898623068337,0.21846863641289083,0.2227217727716017,0.5733186229167592,0.0,0.7000000000000001,0.09999999999999999,0.17500000000000002,0.11089381325444934,0.20426582495226697
cable-route,local_geometry,9,0.7263297168482775,0.7931994406456933,0.21158578352173535,0.22289907932471895,0.2192365166228521,0.22341286496056678,0.5727449610893458,0.0,0.7000000000000001,0.09999999999999999,0.17500000000000002,0.11281351377935239,0.20327675283603686
cable-route,occlusion_depth,9,0.7310085286830496,0.7971520506190893,0.20792051338797218,0.2204784064534664,0.21741703575493018,0.22177533217943715,0.5737188098880999,0.0,0.7000000000000001,0.09999999999999999,0.17500000000000002,0.10826481160954768,0.20495580248906134
cable-route,payload,9,0.48452482511983114,0.6035809245970505,0.483573595989232,0.3968536649240643,0.31827012981017344,0.31254311682915614,0.844341323682387,0.0,0.6830666666666667,0.08888888888888888,0.15555555555555556,0.3603975467476559,0.6799699153411348
cable-route,support_stiffness,9,0.736470307074719,0.8012795910512721,0.2012109827326564,0.2160309465885102,0.2144661325267888,0.21911951927410994,0.5712865379991895,0.0,0.7000000000000001,0.09999999999999999,0.17500000000000002,0.10088755353919437,0.20076223026680196
cable-route,surface_anisotropy,9,0.47467715181827624,0.5964746390479121,0.49770525775817176,0.4059916240987858,0.32373993636940057,0.3174659427324605,0.8557277082347224,0.0,0.6830666666666667,0.08888888888888888,0.15555555555555556,0.37407206314572367,0.7052004483353873
cable-route,tactile_latency,9,0.7290141633678373,0.7949365611302084,0.2068504933325735,0.21974132587457,0.21682620840360345,0.2212435875632431,0.5744117153724153,0.0,0.7000000000000001,0.09999999999999999,0.17500000000000002,0.10678774323123091,0.20615046711719118
drape,adhesion,9,0.7522689139985841,0.8145490282571299,0.1881238243546378,0.20760038086181923,0.20937986605100262,0.18574187944590237,0.561211209840803,0.0,0.7000000000000001,0.09999999999999999,0.17500000000000002,0.0881718873497288,0.18339097482130778
drape,backlash,9,0.746990835098931,0.8097521863710552,0.1905940205833684,0.20920450424041442,0.21039381897861487,0.1866544370807534,0.5626311273787877,0.0,0.7000000000000001,0.09999999999999999,0.17500000000000002,0.0907067696687595,0.18583910850748864
drape,cable_tension,9,0.36315003659499845,0.5094897115953072,0.6259461992915598,0.48779891666769576,0.36955597274663227,0.3299003754719691,0.9916111054715336,0.0,0.5661333333333334,0.011111111111111112,0.019444444444444445,0.488612154088803,0.9725160059133449
drape,compliance,9,0.5130819466437562,0.626057535054112,0.45248887407338123,0.376585294701186,0.3051920756804838,0.27197286811243543,0.8292713664415197,0.0,0.6830666666666667,0.08888888888888888,0.15555555555555556,0.3277024114234318,0.650418141117366
drape,contact_mode,9,0.48302489828486483,0.6021011006676654,0.48369296554504143,0.3969206746093352,0.3181246722493946,0.28361220502445517,0.8464232488390118,0.0,0.6830666666666667,0.08888888888888888,0.15555555555555556,0.3600339028457088,0.6862712932826945
drape,fluid_fill,9,0.7469030476812826,0.8092013679115991,0.1883092521931883,0.20766106743438856,0.2091737976989615,0.18555641792906538,0.5638972272671637,0.0,0.7000000000000001,0.09999999999999999,0.17500000000000002,0.087656716469626,0.18802203934951617
drape,friction,9,0.5000163915454723,0.615552358773551,0.465526287534549,0.38511989076026226,0.3108115112557765,0.2770303601301988,0.8344051068543394,0.0,0.6830666666666667,0.08888888888888888,0.15555555555555556,0.34175100036166345,0.6623890204198793
drape,grasp_affordance,9,0.7346554765609321,0.7993150896709931,0.2003784624033738,0.21553204370020354,0.2142448685081662,0.19012038165734957,0.5698316667512288,0.0,0.7000000000000001,0.09999999999999999,0.17500000000000002,0.10033439349263769,0.19825383156342155
drape,local_geometry,9,0.7412656033958673,0.8055567121990862,0.19839024752548218,0.21430369601073013,0.2137294031492617,0.18965646283433557,0.5659340037742501,0.0,0.7000000000000001,0.09999999999999999,0.17500000000000002,0.09904573009537662,0.19153372298242358
drape,occlusion_depth,9,0.7427249718588498,0.806908279168423,0.19792181540761053,0.21394435769857745,0.2131350275748137,0.18912152481733235,0.5695708306363627,0.0,0.7000000000000001,0.09999999999999999,0.17500000000000002,0.09755979115925648,0.1978041141239971
drape,payload,9,0.5250935810122039,0.6357031582496032,0.4404431620849621,0.3686985907913311,0.30003484686191945,0.26733136217572745,0.8241438005656364,0.0,0.6830666666666667,0.08888888888888888,0.15555555555555556,0.3148093393770209,0.6411180284268215
drape,support_stiffness,9,0.7470620901670918,0.8089011818127579,0.18597487453936037,0.20613030548555467,0.20824214606829108,0.18471793146146198,0.5621553067602767,0.0,0.7000000000000001,0.09999999999999999,0.17500000000000002,0.08532758739295,0.18501872813074532
drape,surface_anisotropy,9,0.5074278847538918,0.6212280494800354,0.4569787676493682,0.3793338824204788,0.3062108045630654,0.2728897241067589,0.839443422469816,0.0,0.6830666666666667,0.08888888888888888,0.15555555555555556,0.3302492336298858,0.6725400688806302
drape,tactile_latency,9,0.7420329520708203,0.8055347923480884,0.1944762581559229,0.21167280092422752,0.21163548792575404,0.1877719391331786,0.5682462055158517,0.0,0.7000000000000001,0.09999999999999999,0.17500000000000002,0.09381094203660735,0.19552027770932284
handoff,adhesion,9,0.7402738194894278,0.8033978539838577,0.1923972469276568,0.21041344831476602,0.21129685238163334,0.20346716714347002,0.5622057220720627,0.0,0.7000000000000001,0.09999999999999999,0.17500000000000002,0.09296435317630564,0.18510565108210064
handoff,backlash,9,0.7397505348085979,0.8042543954053258,0.19954899319268507,0.21501286865575944,0.21400782237186455,0.2059070401346781,0.5683908171079841,0.0,0.7000000000000001,0.09999999999999999,0.17500000000000002,0.09974177815188358,0.19576960804058563
handoff,cable_tension,9,0.7353469536113068,0.8011868797840436,0.20628944109127512,0.2194664205757893,0.21704129780050133,0.20863716802045118,0.5699807118767408,0.0,0.7000000000000001,0.09999999999999999,0.17500000000000002,0.10732546672347554,0.19851080591775233
handoff,compliance,9,0.49166070670240125,0.6097600050462595,0.47861464828422456,0.39366432781286087,0.31632417599638146,0.29799175839674324,0.8407643869755055,0.0,0.6830666666666667,0.08888888888888888,0.15555555555555556,0.3555326622131758,0.6753099480412289
handoff,contact_mode,9,0.45837780685487295,0.5825655239388685,0.5097898583997966,0.4139590569466516,0.32916928320777405,0.3095523548869966,0.8585457641896674,0.0,0.6830666666666667,0.08888888888888888,0.15555555555555556,0.3876454302416575,0.7096356561014098
handoff,fluid_fill,9,0.7443437203582577,0.8073103245895588,0.1916459661046385,0.20988868077100375,0.21079720807034028,0.2030174872633062,0.5635498335493562,0.0,0.7000000000000001,0.09999999999999999,0.17500000000000002,0.09171524239807284,0.18742308466364097
handoff,friction,9,0.48118982542354705,0.6005779039935345,0.4850786715270924,0.3979602618999587,0.31941137800450403,0.3007702402040536,0.8405632429426312,0.0,0.6830666666666667,0.08888888888888888,0.15555555555555556,0.3632506672334822,0.6750279998956406
handoff,grasp_affordance,9,0.7359816859394995,0.8010107454632567,0.20216622849041951,0.2167635317458569,0.2152953079690532,0.20706577717214783,0.5679922267543949,0.0,0.7000000000000001,0.09999999999999999,0.17500000000000002,0.10296049214485518,0.19508238329301808
handoff,local_geometry,9,0.7341280789825285,0.7995944490311879,0.20437266129344733,0.21822123349553146,0.21630750013522984,0.20797675012170688,0.5683047861161423,0.0,0.7000000000000001,0.09999999999999999,0.17500000000000002,0.10549097256029692,0.19562127874430668
handoff,occlusion_depth,9,0.3646496595158619,0.5101736018999792,0.6219448215420251,0.4850798079470578,0.3673317436365896,0.3438985692729306,0.9946481211132411,0.0,0.5661333333333334,0.011111111111111112,0.019444444444444445,0.48305158131369613,0.9873994164129337
handoff,payload,9,0.5052475330758165,0.6196562018558812,0.45973437902960285,0.38136222926688235,0.3085059922463407,0.29095539302170664,0.8303286846991859,0.0,0.6830666666666667,0.08888888888888888,0.15555555555555556,0.335987202838074,0.6548062288843037
handoff,support_stiffness,9,0.7507244113682421,0.8126310089802057,0.1861578521506161,0.20635532537321177,0.20876724403682173,0.2011905196331396,0.558231327773463,0.0,0.7000000000000001,0.09999999999999999,0.17500000000000002,0.08664033231427665,0.1782532471189973
handoff,surface_anisotropy,9,0.49114656124129336,0.6087254275007153,0.47622368394071735,0.39192955419807307,0.31450222799097927,0.2963520051918812,0.8470409530737774,0.0,0.6830666666666667,0.08888888888888888,0.15555555555555556,0.35097779219967035,0.6852607701771372
handoff,tactile_latency,9,0.3736520103546026,0.5173695404842976,0.6128629523170085,0.47905843376564966,0.36311031701932645,0.34009928531739386,0.9937913755960118,0.0,0.5878666666666666,0.022222222222222223,0.03888888888888889,0.47249801477053843,0.9785696338967256
insert,adhesion,9,0.7475393019958828,0.8107055133226848,0.19268042405377014,0.21055403775600673,0.2112060259252745,0.19538542333274705,0.5642653103808564,0.0,0.7000000000000001,0.09999999999999999,0.17500000000000002,0.09273728703540846,0.18865666540760687
insert,backlash,9,0.7441902993374458,0.8078676617969688,0.19532764275374254,0.21225787486507655,0.21224504567416713,0.19632054110675046,0.5661823062317797,0.0,0.7000000000000001,0.09999999999999999,0.17500000000000002,0.09533483640764018,0.1919618306678194
insert,cable_tension,9,0.7283614432178195,0.7946574082978389,0.20872304083969456,0.22098655026673136,0.21774586249469816,0.20127127624522834,0.5740863974080219,0.0,0.7000000000000001,0.09999999999999999,0.17500000000000002,0.10908687845896758,0.2055895740751336
insert,compliance,9,0.5041954159866523,0.6191923499124965,0.46279653900625356,0.3833231130861471,0.3095930927147907,0.2839337834433116,0.8337051705717614,0.0,0.6830666666666667,0.08888888888888888,0.15555555555555556,0.3387049540091991,0.6582996897782794
insert,contact_mode,9,0.4805675387617636,0.6008357365355658,0.4897270160574012,0.40089399257934044,0.32084855351510544,0.29406369816359484,0.8476531272852437,0.0,0.6830666666666667,0.08888888888888888,0.15555555555555556,0.3668436060099858,0.6861459075275689
insert,fluid_fill,9,0.7486454957653649,0.8106338534722781,0.18658309259526676,0.20662785902304426,0.20883768234273936,0.19325391410846537,0.559569174093062,0.0,0.7000000000000001,0.09999999999999999,0.17500000000000002,0.08681642807907063,0.1805598787045129
insert,friction,9,0.49377103587661353,0.6107916312592054,0.47309272471647723,0.3900686512753066,0.31406303152116744,0.2879567283690506,0.8374561233427777,0.0,0.6830666666666667,0.08888888888888888,0.15555555555555556,0.3498798010251407,0.6651324611526941
insert,grasp_affordance,9,0.36612600128326833,0.5111911400500944,0.61939515109839,0.4835504625560869,0.3669268586973915,0.3355341728276524,0.9872442251432898,0.0,0.5878666666666666,0.022222222222222223,0.03888888888888889,0.4820393689657011,0.9555498222171259
insert,local_geometry,9,0.35170250727375985,0.49919146340068704,0.6316205864934145,0.4916298537564238,0.37257175894172284,0.3406145830475506,0.9886021548223124,0.0,0.5661333333333334,0.011111111111111112,0.019444444444444445,0.4961516195765296,0.9622582959105398
insert,occlusion_depth,9,0.7376034375266816,0.8021501263347237,0.19977790841150428,0.2151556293601404,0.2139365875657328,0.19784292880915952,0.570256120438487,0.0,0.7000000000000001,0.09999999999999999,0.17500000000000002,0.09956369113655433,0.19898564826559065
insert,payload,9,0.5205740170109883,0.6330261833903159,0.4498291177466877,0.37484055459775906,0.3040818841965539,0.27897369577689846,0.827806197011327,0.0,0.6830666666666667,0.08888888888888888,0.15555555555555556,0.32492693271360695,0.6479222537567793
insert,support_stiffness,9,0.7497607431140034,0.8119383182263697,0.18762261791132748,0.2072585837078876,0.20914791650760448,0.193533124856844,0.5610799191240787,0.0,0.7000000000000001,0.09999999999999999,0.17500000000000002,0.08759201349123343,0.18316461151661087
insert,surface_anisotropy,9,0.5040515613416185,0.6190367301655758,0.46291771566700035,0.3832838960798573,0.3090348819937456,0.28343139379437104,0.8394150013654025,0.0,0.6830666666666667,0.08888888888888888,0.15555555555555556,0.3373094272065862,0.6718150593387924
insert,tactile_latency,9,0.7437251742151754,0.8074821582831734,0.19571748739974595,0.21252328022666073,0.2123376453842894,0.19640388084586047,0.5672266582888033,0.0,0.7000000000000001,0.09999999999999999,0.17500000000000002,0.09556633568294576,0.19376243766268783
latch,adhesion,9,0.7476992883836838,0.8110631454902025,0.1936806179592913,0.211212857021729,0.2116569452307719,0.19899125070769466,0.5644770968272097,0.0,0.7000000000000001,0.09999999999999999,0.17500000000000002,0.09386458529915194,0.18902181445304356
latch,backlash,9,0.3868818917359767,0.5275730858729314,0.5970695667649163,0.46897064712318215,0.35746463952685187,0.3302181755741666,0.9769926205729118,0.0,0.6056,0.03333333333333334,0.05833333333333332,0.4583838210393518,0.9331290393019552
latch,cable_tension,9,0.7387307362154782,0.8035112958982944,0.20078274428335668,0.2159351989427209,0.21496759908097707,0.2019708391728793,0.5651496086018608,0.0,0.7000000000000001,0.09999999999999999,0.17500000000000002,0.10214121992466486,0.19018131751278697
latch,compliance,9,0.5070708256998429,0.6212164544748008,0.4582605066154797,0.3804854292498595,0.3082271126768379,0.28590440140915413,0.8265873876244253,0.0,0.6830666666666667,0.08888888888888888,0.15555555555555556,0.33529000391431707,0.6457257504717041
latch,contact_mode,9,0.4840292730521484,0.6038497464732503,0.48725080578973046,0.39940157807033994,0.3203303370886503,0.29679730337978527,0.8417538079624489,0.0,0.6830666666666667,0.08888888888888888,0.15555555555555556,0.365548064943848,0.6767980959003068
latch,fluid_fill,9,0.7501655419282495,0.8127036582163225,0.18948489010526604,0.20846038762690988,0.2098174384610409,0.1973356946149368,0.563114328233396,0.0,0.7000000000000001,0.09999999999999999,0.17500000000000002,0.08926581837482447,0.1866722134292268
latch,friction,9,0.5020276834685622,0.6177723692058543,0.4662851052918693,0.3858156191243072,0.3120206659555707,0.28931859936001364,0.8267351975030535,0.0,0.6830666666666667,0.08888888888888888,0.15555555555555556,0.3447738871111492,0.6484177522499841
latch,grasp_affordance,9,0.7426062975031695,0.8067880695398661,0.19777048737868702,0.21393924012232146,0.21361793095602818,0.20075613786042534,0.5643309667136218,0.0,0.7000000000000001,0.09999999999999999,0.17500000000000002,0.09876704961229271,0.1887698659813404
latch,local_geometry,9,0.737049775888953,0.8021372929654031,0.20242787176848903,0.21695839025483357,0.21550472329654222,0.20245425096688796,0.5672358963735642,0.0,0.7000000000000001,0.09999999999999999,0.17500000000000002,0.10348403046357768,0.19377836539503407
latch,occlusion_depth,9,0.7403441215826595,0.8048765251717989,0.1996620726246428,0.21510801196379736,0.21401059844669842,0.20110953860202857,0.5690927925177574,0.0,0.7000000000000001,0.09999999999999999,0.17500000000000002,0.09974871833896828,0.19697991047122934
latch,payload,9,0.5240708693199121,0.6350572808801934,0.442093539391035,0.36995470520093776,0.30152528957336644,0.2798727606160298,0.8177552975931817,0.0,0.6830666666666667,0.08888888888888888,0.15555555555555556,0.3185354461556383,0.6288136870730139
latch,support_stiffness,9,0.7512942123716423,0.8132812097876259,0.18660657052362284,0.20662332471994524,0.20883698103620615,0.19645328293258554,0.5595418473703496,0.0,0.7000000000000001,0.09999999999999999,0.17500000000000002,0.0868146748127377,0.18051276366535374
latch,surface_anisotropy,9,0.5114339534956805,0.6257917537104621,0.4596107082576684,0.3811926673826052,0.3079449972885418,0.28565049755968763,0.83506584667335,0.0,0.6830666666666667,0.08888888888888888,0.15555555555555556,0.3345847154435768,0.661213163206857
latch,tactile_latency,9,0.7438659201433856,0.8078366645097211,0.19680925625968618,0.2132358145544517,0.2127985969093381,0.2000187372184043,0.5677435982328247,0.0,0.7000000000000001,0.09999999999999999,0.17500000000000002,0.09671871449556754,0.19465371342824214
lift,adhesion,9,0.5367343566212412,0.6453372274670869,0.43039459844465194,0.3620095694861524,0.2951369129321869,0.2581232216389682,0.825436771307535,0.0,0.6830666666666667,0.08888888888888888,0.15555555555555556,0.3025645045526897,0.6452573820443219
lift,backlash,9,0.5333171492638413,0.6423941047670823,0.4327170649654,0.3635898516774698,0.2963910443520928,0.2592519399168835,0.8240867574879132,0.0,0.6830666666666667,0.08888888888888888,0.15555555555555556,0.3056998331024543,0.6430979916384277
lift,cable_tension,9,0.5073421904631649,0.6223130761261099,0.4627719073440412,0.3832362855431502,0.30915542757236714,0.27073988481513045,0.8377505833132696,0.0,0.6830666666666667,0.08888888888888888,0.15555555555555556,0.33761079115314024,0.6702334524220905
lift,compliance,9,0.5217734139206248,0.6325845362365045,0.4413507547638843,0.36937040771959956,0.30073115677878826,0.26315804110090935,0.8218129009091144,0.0,0.6830666666666667,0.08888888888888888,0.15555555555555556,0.3165501141691929,0.6362468440268537
lift,contact_mode,9,0.34254108084991486,0.4925847715165815,0.6448821766097876,0.5001456355555555,0.37759608888888885,0.33233648,1.0,0.0,0.5661333333333334,0.011111111111111112,0.019444444444444445,0.5087124444444444,1.0
lift,fluid_fill,9,0.5412727075920283,0.6474042090423252,0.41792941789249466,0.3537716715009903,0.2894137902651522,0.25297241123863695,0.8237019539897391,0.0,0.6830666666666667,0.08888888888888888,0.15555555555555556,0.28825669788510283,0.6395024916244111
lift,friction,9,0.5142972202731652,0.6273919965991723,0.45300432545380453,0.3769825877533569,0.3056947950699731,0.2676253155629758,0.8269135657252572,0.0,0.6830666666666667,0.08888888888888888,0.15555555555555556,0.32895920989715505,0.6463634803693933
lift,grasp_affordance,9,0.5207973914616023,0.6330281476614029,0.44876218433312914,0.3741025206660013,0.303334543951844,0.26550108955665963,0.8301772924792963,0.0,0.6830666666666667,0.08888888888888888,0.15555555555555556,0.3230585821018324,0.6548229169898488
lift,local_geometry,9,0.5152984859376513,0.6286902335702194,0.4546204547306209,0.3779724921085601,0.3060429992610692,0.2679386993349623,0.8307783233227091,0.0,0.6830666666666667,0.08888888888888888,0.15555555555555556,0.3298297203748953,0.6541630262781257
lift,occlusion_depth,9,0.516011728099584,0.6283290733151584,0.44972452733605184,0.37439115071858153,0.3021166359608574,0.26440497236477173,0.8455134558636149,0.0,0.6830666666666667,0.08888888888888888,0.15555555555555556,0.3200138121243659,0.682507102273824
lift,payload,9,0.3658213126801353,0.5104315100134686,0.6176736893598677,0.4820339911111111,0.36465919999999996,0.32069327999999986,1.0,0.0,0.5878666666666666,0.022222222222222223,0.03888888888888889,0.47637022222222214,1.0
lift,support_stiffness,9,0.5480205388272953,0.653231555083703,0.4129776151331017,0.3507033875213593,0.2880891566684818,0.2517802410016336,0.8143650544182593,0.0,0.6830666666666667,0.08888888888888888,0.15555555555555556,0.2849451138934267,0.624464309797686
lift,surface_anisotropy,9,0.5164170381555595,0.6281081858857953,0.44612979026247757,0.37230382576745275,0.3018432113520939,0.26415889021688455,0.832401682795462,0.0,0.6830666666666667,0.08888888888888888,0.15555555555555556,0.31933025060245707,0.6585711812011062
lift,tactile_latency,9,0.5203195458333354,0.6311679405995938,0.4421920288458447,0.36949464922086167,0.2990541521758278,0.26164873695824503,0.8408286543353197,0.0,0.6830666666666667,0.08888888888888888,0.15555555555555556,0.31235760266179174,0.6752461088768799
peel,adhesion,9,0.4026395800996389,0.5394930455689523,0.5776240045382977,0.456178218231045,0.3487950141531207,0.3128155127378086,0.9719545177351144,0.0,0.6346666666666667,0.05555555555555555,0.09722222222222222,0.436709757605024,0.9244426550988565
peel,backlash,9,0.7513559476324421,0.8138587311684278,0.189251030026164,0.20834261178661967,0.20989797752537914,0.1878081797728412,0.5613410164613669,0.0,0.7000000000000001,0.09999999999999999,0.17500000000000002,0.08946716603567012,0.18361477933952164
peel,cable_tension,9,0.7360571315942803,0.8010345334654372,0.20189446463417943,0.21659133957052296,0.2151334020798017,0.1925200618718215,0.5684112734437652,0.0,0.7000000000000001,0.09999999999999999,0.17500000000000002,0.10255572742172642,0.19580487758503595
peel,compliance,9,0.5126946527547878,0.6256460988332033,0.4523230695486281,0.37650482026138504,0.3052460437374379,0.27362143936369415,0.8280711378296985,0.0,0.6830666666666667,0.08888888888888888,0.15555555555555556,0.3278373315658171,0.6479373662431751
peel,contact_mode,9,0.4876088342686913,0.6060568856331711,0.48042642729832924,0.3948268378815988,0.31692888016086024,0.2841359921447742,0.8431945734252565,0.0,0.6830666666666667,0.08888888888888888,0.15555555555555556,0.3570444226243728,0.678293459574471
peel,fluid_fill,9,0.7463066777775568,0.8089254640506246,0.18996224577068782,0.20872928757689257,0.20981131659790753,0.18773018493811675,0.56524871714393,0.0,0.7000000000000001,0.09999999999999999,0.17500000000000002,0.08925051371699103,0.1903521943094582
peel,friction,9,0.5111314638234402,0.6250652076299164,0.4571649480418514,0.3797791460215877,0.3077951187650926,0.27591560688858324,0.8258066818411314,0.0,0.6830666666666667,0.08888888888888888,0.15555555555555556,0.3342100191349536,0.6447478391350782
peel,grasp_affordance,9,0.7429291387146146,0.8064657369234428,0.19449168497930433,0.21178866069609353,0.21218759935091358,0.1898688394158222,0.5631916191823341,0.0,0.7000000000000001,0.09999999999999999,0.17500000000000002,0.0951912205995061,0.18680547368601647
peel,local_geometry,9,0.7430633162628566,0.8072306490583158,0.1977133544342108,0.21389110931819755,0.21355937219848084,0.19110343497863275,0.5645913625324099,0.0,0.7000000000000001,0.09999999999999999,0.17500000000000002,0.09862065271842434,0.1892188242895956
peel,occlusion_depth,9,0.7428263957045107,0.8065125617798182,0.19533844557782956,0.21228722025102542,0.21219349916872937,0.18987414925185642,0.5669631561822551,0.0,0.7000000000000001,0.09999999999999999,0.17500000000000002,0.09520597014404565,0.19330812368588057
peel,payload,9,0.5281062841533426,0.6378493868768688,0.4358540068582003,0.36581034241175403,0.29857348327910904,0.2676161349511982,0.8176642669991555,0.0,0.6830666666666667,0.08888888888888888,0.15555555555555556,0.3111559304199949,0.6303836784194964
peel,support_stiffness,9,0.7526804742576553,0.8143219535221239,0.18487232458640104,0.20547159754822877,0.2080135523932237,0.18611219715390132,0.5595501006661883,0.0,0.7000000000000001,0.09999999999999999,0.17500000000000002,0.08475610320528146,0.18052699348576534
peel,surface_anisotropy,9,0.513939839736559,0.6266392794363927,0.4512027611069671,0.37566479899944594,0.30421552826827325,0.2726939754414459,0.8327072947134788,0.0,0.6830666666666667,0.08888888888888888,0.15555555555555556,0.3252610428929054,0.6591677794266739
peel,tactile_latency,9,0.743859324305236,0.8074412741833044,0.1948612024134897,0.21193983292689456,0.21185443878366128,0.1895689949052952,0.5679423655281356,0.0,0.7000000000000001,0.09999999999999999,0.17500000000000002,0.09435831918137545,0.19499641566153636
peg-seat,adhesion,9,0.7417721904596907,0.8058317780134949,0.19724734264101335,0.21353195851268134,0.21313805799644597,0.20832425219680134,0.5663658938965066,0.0,0.7000000000000001,0.09999999999999999,0.17500000000000002,0.09756736721333713,0.19227836112424532
peg-seat,backlash,9,0.7394574849230439,0.8035666172624667,0.1974569915024019,0.21369710779807602,0.2133426637072732,0.2085083973365459,0.5654328268983261,0.0,0.7000000000000001,0.09999999999999999,0.17500000000000002,0.09807888149040525,0.19066962492048564
peg-seat,cable_tension,9,0.7249648626343259,0.791205089125548,0.20834622195975105,0.22080075497074067,0.21786716655874425,0.2125804499028698,0.57135085136452,0.0,0.7000000000000001,0.09999999999999999,0.17500000000000002,0.10939013861908285,0.20087311537944078
peg-seat,compliance,9,0.4912718439048158,0.6095368314602687,0.47941216855040725,0.3942166251848432,0.3168187429810241,0.30163686868292167,0.8396867223099872,0.0,0.6830666666666667,0.08888888888888888,0.15555555555555556,0.35676907967478244,0.6726021920041736
peg-seat,contact_mode,9,0.46453334321126644,0.5881789856524761,0.5069108177976662,0.41215214147069873,0.32829214717629074,0.31196293245866175,0.8540924947136953,0.0,0.6830666666666667,0.08888888888888888,0.15555555555555556,0.38545259016294925,0.7005061058410536
peg-seat,fluid_fill,9,0.741331377217284,0.8049483727242616,0.19503998914858883,0.2120566516899252,0.2120207355655711,0.20731866200901403,0.5670500829770346,0.0,0.7000000000000001,0.09999999999999999,0.17500000000000002,0.09477406113615006,0.1934579974699833
peg-seat,friction,9,0.4850064249676922,0.6047273941308194,0.4867780696013011,0.3990698972104238,0.3201604457986645,0.30464440121879804,0.8410320152398639,0.0,0.6830666666666667,0.08888888888888888,0.15555555555555556,0.3651233367188835,0.674296702237672
peg-seat,grasp_affordance,9,0.34528385936859074,0.49405175925333494,0.6381490110558066,0.49589299961581396,0.3753202741091507,0.3542882466982356,0.9917961903991688,0.0,0.5661333333333334,0.011111111111111112,0.019444444444444445,0.5030229074950989,0.9687015384657385
peg-seat,local_geometry,9,0.34436974897541195,0.495238154164636,0.6487436771988446,0.5028946839640803,0.38021494850356574,0.35869345365320915,0.9929434226767475,0.0,0.5661333333333334,0.011111111111111112,0.019444444444444445,0.5152595934811367,0.9710661397256923
peg-seat,occlusion_depth,9,0.7354156241209697,0.8005546429044962,0.20274608220079116,0.21713006261175447,0.21534744219065483,0.21031269797158936,0.5702502494902044,0.0,0.7000000000000001,0.09999999999999999,0.17500000000000002,0.1030908276988593,0.19897552594096551
peg-seat,payload,9,0.5085546881112248,0.6227017396469334,0.45833818949367217,0.38049017178569566,0.30809946371327684,0.2937895173419492,0.8279985498153609,0.0,0.6830666666666667,0.08888888888888888,0.15555555555555556,0.33497088150541443,0.6480777616448372
peg-seat,support_stiffness,9,0.7421180063362371,0.8054154797926373,0.19340997104260568,0.21099157818800085,0.21140417604399353,0.20676375843959416,0.5654970816561441,0.0,0.7000000000000001,0.09999999999999999,0.17500000000000002,0.09323266233220612,0.1907804089856891
peg-seat,surface_anisotropy,9,0.48996771906724007,0.6075185732634284,0.4759619267556152,0.3918361806539611,0.3147139702681392,0.2997425732413253,0.8440423935958083,0.0,0.6830666666666667,0.08888888888888888,0.15555555555555556,0.35150714789257026,0.6797013014809095
peg-seat,tactile_latency,9,0.733340491197295,0.797962562844135,0.20013751754954967,0.21540690548946712,0.21419195962791024,0.2092727636651192,0.5694388530713972,0.0,0.7000000000000001,0.09999999999999999,0.17500000000000002,0.10020212129199785,0.19757656659819456
pour,adhesion,9,0.7558619016908328,0.8172704951975708,0.18360263849166714,0.20469531168912675,0.20765466422391088,0.1761891978015198,0.5574436204964643,0.0,0.7000000000000001,0.09999999999999999,0.17500000000000002,0.08385888278199953,0.1768951311241722
pour,backlash,9,0.7553771879616318,0.8163809171949976,0.1814857907612957,0.20334576411122007,0.2069343670676565,0.17554093036089086,0.554819531579922,0.0,0.7000000000000001,0.09999999999999999,0.17500000000000002,0.08205813989136349,0.17237083988875435
pour,cable_tension,9,0.7408204380932575,0.8045410227829964,0.19542453830814402,0.21240194896579576,0.2125558619940556,0.18060027579465,0.5639433158692833,0.0,0.7000000000000001,0.09999999999999999,0.17500000000000002,0.0961118772073612,0.18810150245661875
pour,compliance,9,0.52718665422383,0.6364568720885866,0.43337905751392536,0.3642340595491892,0.29765318704105437,0.25718786833694884,0.8154498967738617,0.0,0.6830666666666667,0.08888888888888888,0.15555555555555556,0.30885518982485816,0.6254865223518729
pour,contact_mode,9,0.502391402811652,0.617306708785054,0.4623382025537872,0.38305101991134033,0.30943617733383366,0.2677925596004503,0.8333020040989393,0.0,0.6830666666666667,0.08888888888888888,0.15555555555555556,0.3383126655568063,0.6591911039996341
pour,fluid_fill,9,0.4309761076159981,0.5605346491092276,0.5404482414364014,0.4318618049774314,0.33282811268695367,0.2888453014182583,0.9568564315737318,0.0,0.6492,0.06666666666666667,0.11666666666666667,0.39679250393960647,0.896426437711571
pour,friction,9,0.5231185130090045,0.6335002966844271,0.4389646163263705,0.3679392789180749,0.30029598398864976,0.25956638558978484,0.8154906940219536,0.0,0.6830666666666667,0.08888888888888888,0.15555555555555556,0.31546218219384686,0.624694436593814
pour,grasp_affordance,9,0.7448010092032565,0.8073468416993943,0.18941100865523966,0.2084861083204589,0.21011479158494029,0.17840331242644622,0.560109915311011,0.0,0.7000000000000001,0.09999999999999999,0.17500000000000002,0.09000920118457292,0.18149219114925247
pour,local_geometry,9,0.7478354884618825,0.810687403643879,0.19095286598646435,0.20950638393998836,0.2108411935580843,0.17905707420227585,0.5601353988273785,0.0,0.7000000000000001,0.09999999999999999,0.17500000000000002,0.09182520611743293,0.18153612824643825
pour,occlusion_depth,9,0.7464514432361304,0.8095177381692084,0.1921722587151558,0.21022098311025889,0.21084097461207907,0.17905687715087112,0.5656346734018235,0.0,0.7000000000000001,0.09999999999999999,0.17500000000000002,0.09182465875241991,0.19101763613341216
pour,payload,9,0.5506527314379388,0.6564896704885246,0.4158405842692664,0.3527897968352859,0.2903275584552023,0.25059480260968214,0.8063084914376266,0.0,0.6830666666666667,0.08888888888888888,0.15555555555555556,0.29054111836022817,0.6059724948158313
pour,support_stiffness,9,0.7620872654673914,0.822076065667829,0.1763332100651162,0.199962667334792,0.2047112254900868,0.1735401029410781,0.5527372349043032,0.0,0.7000000000000001,0.09999999999999999,0.17500000000000002,0.07650028594743918,0.16878067320665288
pour,surface_anisotropy,9,0.5280579295620358,0.6378370613379986,0.436325597410026,0.36593043925320956,0.29782629348738404,0.25734366413864557,0.8266347481520064,0.0,0.6830666666666667,0.08888888888888888,0.15555555555555556,0.3092879559406822,0.6445320935928561
pour,tactile_latency,9,0.7550173608046842,0.8165512706659454,0.184252812672314,0.20511303287087085,0.20783098346490025,0.17634788511841018,0.5587580377607647,0.0,0.7000000000000001,0.09999999999999999,0.17500000000000002,0.08429968088447276,0.1791613677867591
press-fit,adhesion,9,0.4921545676547521,0.6095747181301989,0.47522312060979577,0.3914005015848233,0.3146418086822092,0.31247762781398836,0.8414681409124556,0.0,0.6830666666666667,0.08888888888888888,0.15555555555555556,0.3513267439277454,0.6766558712063537
press-fit,backlash,9,0.4951892537383879,0.6123472963386026,0.4737696785352193,0.3905268086673826,0.3143733258923285,0.3122359933030958,0.8376387792847034,0.0,0.6830666666666667,0.08888888888888888,0.15555555555555556,0.35065553695304374,0.668125345157065
press-fit,cable_tension,9,0.46871757194449376,0.5928775991097811,0.5095245387551349,0.4138667572176242,0.32940669669357525,0.32576602702421775,0.8552790056577512,0.0,0.6830666666666667,0.08888888888888888,0.15555555555555556,0.3882389639561605,0.7017219984472243
press-fit,compliance,9,0.32128725205711917,0.4765538760571191,0.6711193004347007,0.5175554133333334,0.39003164444444444,0.38032847999999997,1.0,0.0,0.5528,0.0,0.0,0.5398013333333334,1.0
press-fit,contact_mode,9,0.45638928047180577,0.5830851539079206,0.5223627757543591,0.4223195781203826,0.3351701205911361,0.3309531085320224,0.8582330629360075,0.0,0.6641333333333335,0.07777777777777778,0.13611111111111113,0.4026475237000623,0.7089190487074711
press-fit,fluid_fill,9,0.5063854276134307,0.6213467730481895,0.4627931189206016,0.38320448478252905,0.3090146667622723,0.30741320008604506,0.8390218477248979,0.0,0.6830666666666667,0.08888888888888888,0.15555555555555556,0.33725888912790297,0.67216205156817
press-fit,friction,9,0.4771421352272928,0.5985527669178513,0.49520868847249055,0.4047021056351956,0.32427775950647697,0.3211499835558292,0.840016393961668,0.0,0.6830666666666667,0.08888888888888888,0.15555555555555556,0.37541662098841444,0.671314048664492
press-fit,grasp_affordance,9,0.47420825054353233,0.5956336105786989,0.49556829581109985,0.4047512001172218,0.3235494902395323,0.3204945412155791,0.8482369436212722,0.0,0.6830666666666667,0.08888888888888888,0.15555555555555556,0.3735959478210531,0.6881704207194386
press-fit,local_geometry,9,0.4719944208091241,0.5948421165143613,0.5026858196080037,0.4094923190174569,0.3269834473648096,0.3235851026283286,0.8477260122739412,0.0,0.6830666666666667,0.08888888888888888,0.15555555555555556,0.38218084063424623,0.6886569956923192
press-fit,occlusion_depth,9,0.47514228215882426,0.5961979952491203,0.49406458619168575,0.4035190436343201,0.32166766522212326,0.3188008986999109,0.8590246247095112,0.0,0.6830666666666667,0.08888888888888888,0.15555555555555556,0.3688913852775304,0.7102640557493355
press-fit,payload,9,0.49669883143982485,0.6136348346561747,0.47246419936448536,0.38978667738783285,0.3143950620094619,0.31225555580851566,0.8317113804882698,0.0,0.6830666666666667,0.08888888888888888,0.15555555555555556,0.350709877245877,0.6560042497463756
press-fit,support_stiffness,9,0.5122225807030396,0.6251706953575987,0.45231327945711886,0.3764937155151974,0.3052222036676782,0.3039999833009104,0.8282424559179753,0.0,0.6830666666666667,0.08888888888888888,0.15555555555555556,0.32777773139141775,0.6481528079963392
press-fit,surface_anisotropy,9,0.47558340970277524,0.5969101905235813,0.49521632661594683,0.40442260273602,0.32293831129555567,0.31994448016600013,0.85229119854716,0.0,0.6830666666666667,0.08888888888888888,0.15555555555555556,0.37206800046111155,0.6962263828661466
press-fit,tactile_latency,9,0.48695718189619,0.6059737020674725,0.4836062219610032,0.3967217339042748,0.3174118988480399,0.31497070896323587,0.8525689569685218,0.0,0.6830666666666667,0.08888888888888888,0.15555555555555556,0.35825196934232195,0.6986436194236822
pull,adhesion,9,0.5476941862701572,0.6531577276266409,0.41430894995041473,0.35154513785494546,0.2884947734021496,0.24254529606193462,0.8164718767755763,0.0,0.6830666666666667,0.08888888888888888,0.15555555555555556,0.28595915572759606,0.627184885648671
pull,backlash,9,0.5475517625473965,0.6533074293127908,0.4156932452588928,0.3525188892179821,0.2893961535548894,0.24335653819940045,0.8142551010001985,0.0,0.6830666666666667,0.08888888888888888,0.15555555555555556,0.2882126061094457,0.6237661017014055
pull,cable_tension,9,0.5181284196052846,0.6302817240761397,0.4484029580363715,0.3738443482361837,0.30302574766650686,0.25562317289985614,0.8315168491689456,0.0,0.6830666666666667,0.08888888888888888,0.15555555555555556,0.32228659138848936,0.6570405658708703
pull,compliance,9,0.5286498445747284,0.6376253346841652,0.43200953481817783,0.3632516336981219,0.2966787339457362,0.24991086055116257,0.8183868850998475,0.0,0.6830666666666667,0.08888888888888888,0.15555555555555556,0.30641905708656264,0.6316305804983797
pull,contact_mode,9,0.348520734096297,0.49634682476296355,0.6337563404598229,0.4927536355555555,0.3723160888888889,0.31798448,1.0,0.0,0.5661333333333334,0.011111111111111112,0.019444444444444445,0.4955124444444443,1.0
pull,fluid_fill,9,0.5564867245944572,0.6595543737952636,0.4021779653226329,0.34355883066935483,0.283053145335865,0.23764783080227847,0.8136408929848669,0.0,0.6830666666666667,0.08888888888888888,0.15555555555555556,0.2723550855618848,0.6211721787958191
pull,friction,9,0.5339025187684201,0.643099765871117,0.43296947108856265,0.36399082367565627,0.2976030728383123,0.250742765554481,0.8141185430069847,0.0,0.6830666666666667,0.08888888888888888,0.15555555555555556,0.30872990431800296,0.6220026147853621
pull,grasp_affordance,9,0.5328169090754825,0.6413821936383859,0.42998976947355977,0.36188428187634464,0.2955670558387078,0.248910350254837,0.8198407122387894,0.0,0.6830666666666667,0.08888888888888888,0.15555555555555556,0.30363986181899166,0.6326609745635113
pull,local_geometry,9,0.5261297936115497,0.6360468562303125,0.4368300999591521,0.36639020872920963,0.2986648878816002,0.2516983990934402,0.821140419875831,0.0,0.6830666666666667,0.08888888888888888,0.15555555555555556,0.31138444192622294,0.6341831806923932
pull,occlusion_depth,9,0.5305815656166273,0.6393515328000658,0.4315436438871671,0.3625665572781285,0.29463213634068214,0.24806892270661393,0.8351573483850948,0.0,0.6830666666666667,0.08888888888888888,0.15555555555555556,0.30130256307392767,0.6612395687282779
pull,payload,9,0.37717238070601367,0.519564978039347,0.6065478532099028,0.4746419911111111,0.3593792,0.30634127999999994,1.0,0.0,0.6056,0.03333333333333334,0.05833333333333332,0.4631702222222221,1.0
pull,support_stiffness,9,0.5652225465039575,0.6667420619001319,0.39398139456448394,0.3383983846539151,0.2804803054950097,0.23533227494550873,0.8016526603830028,0.0,0.6830666666666667,0.08888888888888888,0.15555555555555556,0.2659229859597465,0.5994414204899091
pull,surface_anisotropy,9,0.5376127618743709,0.6456836996032611,0.42758133075017113,0.36023645909630087,0.2942032878342961,0.2476829590508665,0.8218518847475014,0.0,0.6830666666666667,0.08888888888888888,0.15555555555555556,0.30023044180796266,0.6369164166310611
pull,tactile_latency,9,0.5416947439267299,0.648369567666095,0.4207025407378268,0.3555827457978841,0.29048578922422796,0.2443372103018051,0.826088690560414,0.0,0.6830666666666667,0.08888888888888888,0.15555555555555556,0.2909366952827921,0.6465639891421888
push-turn,adhesion,9,0.5270026835721687,0.6376994858456954,0.44097381141634845,0.36898934091175534,0.29993786260939215,0.2736440763484529,0.8274247857499633,0.0,0.6830666666666667,0.08888888888888888,0.15555555555555556,0.3145668787457026,0.6495645632174993
push-turn,backlash,9,0.5249865591841146,0.6357676597159713,0.4413038655178247,0.3692703351061888,0.3003775300654312,0.2740397770588881,0.8248513992574921,0.0,0.6830666666666667,0.08888888888888888,0.15555555555555556,0.31566604738580034,0.644277062168793
push-turn,cable_tension,9,0.487854003259111,0.6059693840252188,0.47887450707078283,0.3937179358870261,0.31583143512076606,0.2879482916086895,0.8464831969757115,0.0,0.6830666666666667,0.08888888888888888,0.15555555555555556,0.3543008100241375,0.6838191528010213
push-turn,compliance,9,0.5131380510218924,0.6266079864890175,0.45485462571071156,0.3782331182237506,0.30664562328939454,0.2796810609604551,0.8262933423652858,0.0,0.6830666666666667,0.08888888888888888,0.15555555555555556,0.3313362804457085,0.6457865553130195
push-turn,contact_mode,9,0.48050427830348824,0.5997657955211687,0.4845082811460614,0.39753839072560176,0.3188545286027801,0.2906690757425021,0.8433149197738342,0.0,0.6830666666666667,0.08888888888888888,0.15555555555555556,0.3618585437291725,0.6787293714937924
push-turn,fluid_fill,9,0.5335100052054726,0.6420656352771938,0.4302165953238142,0.3618521002390704,0.29485698027744994,0.2690712822497049,0.8272401287656107,0.0,0.6830666666666667,0.08888888888888888,0.15555555555555556,0.301864672915847,0.6469249611030942
push-turn,friction,9,0.33463499560975457,0.48596593960975465,0.6513787525347626,0.5044364800000001,0.38066097777777774,0.34629487999999997,1.0,0.0,0.5528,0.0,0.0,0.5163746666666666,1.0
push-turn,grasp_affordance,9,0.5082419643524438,0.622935327352192,0.46135203745864356,0.3823112099991602,0.30863363603858124,0.2814702724347231,0.8362539110310405,0.0,0.6830666666666667,0.08888888888888888,0.15555555555555556,0.3363063123186754,0.6628033100476765
push-turn,local_geometry,9,0.5031782785983483,0.6194091180407736,0.46905767443538576,0.3874361314747513,0.31230674696215716,0.28477607226594137,0.8361198047432324,0.0,0.6830666666666667,0.08888888888888888,0.15555555555555556,0.345489089627615,0.6646573128180532
push-turn,occlusion_depth,9,0.5035359210042782,0.6179600106964211,0.4603619269404158,0.3814136323071433,0.3069776452409208,0.2799798807168288,0.8471832142980228,0.0,0.6830666666666667,0.08888888888888888,0.15555555555555556,0.33216633532452433,0.686419022806084
push-turn,payload,9,0.5229489936537187,0.6335368407909021,0.4401296987657766,0.36862615712394464,0.30048479270465966,0.2741363134341937,0.8187410478946924,0.0,0.6830666666666667,0.08888888888888888,0.15555555555555556,0.3159342039838715,0.631727724283611
push-turn,support_stiffness,9,0.5390260667475388,0.6463010550305418,0.423481572995428,0.35758329427667684,0.2926299833391812,0.26706698500526305,0.818386203774708,0.0,0.6830666666666667,0.08888888888888888,0.15555555555555556,0.29629718057017523,0.6290647119212548
push-turn,surface_anisotropy,9,0.354059096251579,0.5011079069182457,0.6298616804098347,0.49016270222222214,0.3704654222222222,0.33711887999999995,1.0,0.0,0.5661333333333334,0.011111111111111112,0.019444444444444445,0.49088577777777764,1.0
push-turn,tactile_latency,9,0.5165430362382973,0.6293052508995494,0.4518245793801947,0.37587404887084,0.3035240582391311,0.276871652415218,0.8417635094226561,0.0,0.6830666666666667,0.08888888888888888,0.15555555555555556,0.32353236782005007,0.6768435787875102
scoop,adhesion,9,0.7573672870425545,0.8181445805299288,0.18041370534868156,0.20259097829124761,0.2062311559694804,0.16530804037253233,0.5565865294066452,0.0,0.7000000000000001,0.09999999999999999,0.17500000000000002,0.08030011214592328,0.17541738786586336
scoop,backlash,9,0.7519608164450273,0.8130123231164709,0.1818370982317211,0.2035050222381454,0.20678447702470948,0.16580602932223854,0.5576587945572383,0.0,0.7000000000000001,0.09999999999999999,0.17500000000000002,0.08168341478399596,0.17726612088412766
scoop,cable_tension,9,0.7424209139577245,0.8059477024463649,0.19451338916464236,0.21175596162880128,0.21195767187018685,0.17046190468316816,0.5654162299956043,0.0,0.7000000000000001,0.09999999999999999,0.17500000000000002,0.09461640189768934,0.19064100957096525
scoop,compliance,9,0.5402545392968223,0.6482806486842758,0.4271771973298736,0.3600870312915113,0.29458473480273695,0.24482626132246318,0.8165945496659117,0.0,0.6830666666666667,0.08888888888888888,0.15555555555555556,0.3011840592290645,0.6266500724683596
scoop,contact_mode,9,0.516285020347186,0.6288768131167815,0.450522143808449,0.37530597589865117,0.30429772450931786,0.25356795205838606,0.8290619267268844,0.0,0.6830666666666667,0.08888888888888888,0.15555555555555556,0.3254665334955169,0.6507015933732216
scoop,fluid_fill,9,0.4444200322462818,0.5714712879106202,0.5278083203272055,0.423504185547795,0.32701420558382444,0.2740127850254419,0.9551783586102278,0.0,0.6641333333333335,0.07777777777777778,0.13611111111111113,0.3822577361817833,0.8896550761208696
scoop,friction,9,0.5292635597241151,0.6387223632136023,0.43440933624647826,0.364862678298291,0.2979128432022214,0.24782155888199928,0.8174891284928454,0.0,0.6830666666666667,0.08888888888888888,0.15555555555555556,0.30950433022777574,0.6291218830067784
scoop,grasp_affordance,9,0.7515158716576921,0.8137548255984146,0.18789118038952482,0.2074631798024087,0.209336175103927,0.16810255759353435,0.5606263349676901,0.0,0.7000000000000001,0.09999999999999999,0.17500000000000002,0.08806265998203983,0.182382569867665
scoop,local_geometry,9,0.7495367795557653,0.8119092897784712,0.18854185783782765,0.20790836740901952,0.20972658533410682,0.16845392680069612,0.5598464371550681,0.0,0.7000000000000001,0.09999999999999999,0.17500000000000002,0.08903868555748928,0.18103791846659245
scoop,occlusion_depth,9,0.7553067285369625,0.8173794811280912,0.1870484392508251,0.20690917530376252,0.20882093624529452,0.1676388426207651,0.5619134880710698,0.0,0.7000000000000001,0.09999999999999999,0.17500000000000002,0.08677456283545859,0.18460179935625048
scoop,payload,9,0.5489384725456671,0.6536897618362647,0.4104354019330661,0.34917096430199207,0.2876262694160133,0.23856364247441203,0.8075621231420176,0.0,0.6830666666666667,0.08888888888888888,0.15555555555555556,0.2837878957622556,0.6081339287889193
scoop,support_stiffness,9,0.7555160197822848,0.8159394907511991,0.17869001308471522,0.2014115698963813,0.20530744829231387,0.1644767034630825,0.5574617782771591,0.0,0.7000000000000001,0.09999999999999999,0.17500000000000002,0.077990842953007,0.1769264376426116
scoop,surface_anisotropy,9,0.5335922882388524,0.6420233578994559,0.42953085765422494,0.36143689886867836,0.29468807752823056,0.24491926977540754,0.8258652247541876,0.0,0.6830666666666667,0.08888888888888888,0.15555555555555556,0.3014424160427988,0.645053134900258
scoop,tactile_latency,9,0.7495858414607521,0.8113236489899699,0.18538597829309675,0.20579269176405932,0.20802960271817478,0.1669266424463573,0.5618472065192575,0.0,0.7000000000000001,0.09999999999999999,0.17500000000000002,0.08479622901765915,0.1844875208186431
slide,adhesion,9,0.555140796456578,0.6583377067319507,0.4028890601465606,0.34398970091790915,0.2832252207799437,0.2234026987019493,0.815102159345207,0.0,0.6830666666666667,0.08888888888888888,0.15555555555555556,0.2727852741720814,0.6252007522888287
slide,backlash,9,0.5547740611646659,0.6585741129534703,0.40591631868826655,0.34600017262934774,0.284658751199062,0.22469287607915567,0.8151293064580768,0.0,0.6830666666666667,0.08888888888888888,0.15555555555555556,0.276369100219877,0.6251294555963862
slide,cable_tension,9,0.5244904841835906,0.634843695393975,0.43947940968331817,0.36784403736794835,0.29849444789148905,0.2371450031023401,0.8341592246827116,0.0,0.6830666666666667,0.08888888888888888,0.15555555555555556,0.31095834195094485,0.6614519334587714
slide,compliance,9,0.5462431088161365,0.6524815107333892,0.4181386845556711,0.3541280063908426,0.2905168514032054,0.22996516626288482,0.8145638716557226,0.0,0.6830666666666667,0.08888888888888888,0.15555555555555556,0.29101435073023574,0.6251845784933799
slide,contact_mode,9,0.5195020915816638,0.6309924262248932,0.4450975232407881,0.37163444881076385,0.30142852352605315,0.2397856711734478,0.8317184981782947,0.0,0.6830666666666667,0.08888888888888888,0.15555555555555556,0.31829353103735514,0.6566333476740854
slide,fluid_fill,9,0.558662040002633,0.6602684171381842,0.39495023067449797,0.3386879237851701,0.2793173330506073,0.21988559974554656,0.8164042031016059,0.0,0.6830666666666667,0.08888888888888888,0.15555555555555556,0.2630155548487404,0.6278280678448602
slide,friction,9,0.374519540167042,0.5177192841670419,0.6105840199848918,0.47733248,0.36130097777777775,0.2936708799999999,1.0,0.0,0.6056,0.03333333333333334,0.05833333333333332,0.46797466666666665,1.0
slide,grasp_affordance,9,0.5424795826840207,0.64874118871234,0.41838269126114475,0.3542053534277312,0.29020796065772214,0.22968716459194985,0.8184853645831477,0.0,0.6830666666666667,0.08888888888888888,0.15555555555555556,0.2902421238665275,0.6304816305712174
slide,local_geometry,9,0.5331720529594051,0.6413161415003117,0.4279646127448036,0.3604802951363554,0.2943611184822195,0.23342500663399754,0.8220278319241302,0.0,0.6830666666666667,0.08888888888888888,0.15555555555555556,0.30062501842777106,0.637244786804917
slide,occlusion_depth,9,0.5425352972176521,0.6495298831305408,0.42269162781172154,0.35664861970962836,0.2902703304775648,0.22974329742980823,0.8366080456148203,0.0,0.6830666666666667,0.08888888888888888,0.15555555555555556,0.29039804841613404,0.6657467972940252
slide,payload,9,0.5612642818632817,0.6645099733652994,0.402835367318939,0.3441523050067257,0.2841407574185846,0.22422668167672613,0.8064933346892011,0.0,0.6830666666666667,0.08888888888888888,0.15555555555555556,0.2750741157686838,0.6079102447037675
slide,support_stiffness,9,0.5709901555482823,0.6711752348978464,0.38749719972393,0.3339502644985465,0.27680423945848714,0.21762381551263846,0.8070247549657947,0.0,0.6830666666666667,0.08888888888888888,0.15555555555555556,0.2567328208684402,0.6074327520622456
slide,surface_anisotropy,9,0.3907911962114612,0.5297088068781277,0.5890669478599637,0.4630587022222222,0.3511054222222222,0.28449487999999995,1.0,0.0,0.6346666666666667,0.05555555555555555,0.09722222222222222,0.4424857777777777,1.0
slide,tactile_latency,9,0.5524074305078229,0.6566467911508118,0.40846034733591335,0.3474645354766296,0.28476398184423274,0.2247875836598095,0.8252603829507119,0.0,0.6830666666666667,0.08888888888888888,0.15555555555555556,0.2766321768328042,0.6440191125015622
stack,adhesion,9,0.7527391668272378,0.8141411771361269,0.18360856501474915,0.20467336769629665,0.20755100578302943,0.1728959052047265,0.5583911422226479,0.0,0.7000000000000001,0.09999999999999999,0.17500000000000002,0.08359973667979591,0.17852878927276467
stack,backlash,9,0.7530612065113161,0.8140673910512729,0.1815330294682595,0.20335394846652266,0.20685872081462953,0.1722728487331666,0.5556971401148475,0.0,0.7000000000000001,0.09999999999999999,0.17500000000000002,0.08186902425879611,0.17388395805241902
stack,cable_tension,9,0.743164564093091,0.8065515220103765,0.19372632667631112,0.21128985972428568,0.21182741762043913,0.1767446758583952,0.5632335688043059,0.0,0.7000000000000001,0.09999999999999999,0.17500000000000002,0.09429076627332006,0.18687780062045076
stack,compliance,9,0.5386075013192396,0.6463865919341999,0.4257494384326803,0.3592636353832013,0.29448288181962323,0.25113459363766083,0.8113576132662895,0.0,0.6830666666666667,0.08888888888888888,0.15555555555555556,0.3009294267712803,0.6155549602971646
stack,contact_mode,9,0.5116665186069277,0.6248370189912653,0.45329548033884787,0.3772350012811253,0.3059886294033367,0.26148976646300304,0.8256908385026366,0.0,0.6830666666666667,0.08888888888888888,0.15555555555555556,0.3296937957305641,0.6467708624414188
stack,fluid_fill,9,0.758381572823873,0.8187699011200158,0.17841756794358407,0.20129442765380953,0.2053991268613523,0.17095921417521706,0.5555733764369631,0.0,0.7000000000000001,0.09999999999999999,0.17500000000000002,0.07822003937560301,0.17367057240089434
stack,friction,9,0.5278916305893572,0.6376160623496108,0.43562628561481564,0.3657481058675125,0.2988313128537625,0.25504818156838627,0.8144088981625681,0.0,0.6830666666666667,0.08888888888888888,0.15555555555555556,0.31180050435662854,0.6226950212900059
stack,grasp_affordance,9,0.7520836913532555,0.8147827774900062,0.1902265269550343,0.20899695378916888,0.21035731219643858,0.1754215809767947,0.5614277354080289,0.0,0.7000000000000001,0.09999999999999999,0.17500000000000002,0.09061550271331868,0.18376429476480094
stack,local_geometry,9,0.7462648017637515,0.8092568012776865,0.19170349603223247,0.20997333171311622,0.21105061140353257,0.17604555026317936,0.5614720356696881,0.0,0.7000000000000001,0.09999999999999999,0.17500000000000002,0.09234875073105372,0.18384067452628228
stack,occlusion_depth,9,0.7451427981255072,0.8077794387821817,0.18992785822238403,0.2087888021889149,0.21002782530483788,0.17512504277435406,0.5633748896233135,0.0,0.7000000000000001,0.09999999999999999,0.17500000000000002,0.08979178548431688,0.18712145720494675
stack,payload,9,0.5498591119582051,0.6546144485236369,0.410242055225267,0.34918445521810604,0.2881590816339103,0.24544317347051928,0.8019279216886194,0.0,0.6830666666666667,0.08888888888888888,0.15555555555555556,0.285119926306998,0.5985690250072876
stack,support_stiffness,9,0.4418180213763916,0.5696904085103436,0.5316596457710372,0.4262412904465067,0.3296897980201876,0.28282081821816885,0.947418939285638,0.0,0.6641333333333335,0.07777777777777778,0.13611111111111113,0.3889467172726912,0.8769494959368954
stack,surface_anisotropy,9,0.5353282397048615,0.6434782127739277,0.4279191557480033,0.3604999102302203,0.294525955419706,0.2511733598777354,0.8204035502424674,0.0,0.6830666666666667,0.08888888888888888,0.15555555555555556,0.3010371107714873,0.6327164233583028
stack,tactile_latency,9,0.7508456592721183,0.8121730002060465,0.183199773537591,0.2044244697797606,0.20737669058835495,0.17273902152951945,0.5583537834227114,0.0,0.7000000000000001,0.09999999999999999,0.17500000000000002,0.08316394869310971,0.17846437754873615
tool-use,adhesion,9,0.7458502370529444,0.8090859318512987,0.1929875146854526,0.21078564932784805,0.21147633097151233,0.20042869787436113,0.5631359604355357,0.0,0.7000000000000001,0.09999999999999999,0.17500000000000002,0.0934130496510031,0.1867095103294677
tool-use,backlash,9,0.7441630322587073,0.8075999147363352,0.19400654732531014,0.21145627492542626,0.21193821428995077,0.20084439286095568,0.5633204908337232,0.0,0.7000000000000001,0.09999999999999999,0.17500000000000002,0.09456775794709922,0.1870276661884117
tool-use,cable_tension,9,0.7303139652604748,0.7967351894804163,0.20933159122621073,0.22140408073313844,0.21809835811535183,0.2063885223038166,0.5735020635425752,0.0,0.7000000000000001,0.09999999999999999,0.17500000000000002,0.10996811751060181,0.20458210189332895
tool-use,compliance,9,0.49122127752875666,0.6078789133697424,0.471241841824914,0.388858786136619,0.3132584387799182,0.2920325949019264,0.8368143133355566,0.0,0.6830666666666667,0.08888888888888888,0.15555555555555556,0.3478683191720178,0.6668079359376351
tool-use,contact_mode,9,0.47867912333250257,0.6001895131525354,0.4960514526117498,0.40503463273344326,0.32358057639934673,0.3013225187594121,0.8500824204865131,0.0,0.6830666666666667,0.08888888888888888,0.15555555555555556,0.37367366322058904,0.6906072268589261
tool-use,fluid_fill,9,0.7439795036596969,0.8068391720118178,0.19112202403860845,0.20953222784040265,0.2105042692258872,0.19955384230329845,0.5639626139465341,0.0,0.7000000000000001,0.09999999999999999,0.17500000000000002,0.09098289528694023,0.18813477500360296
tool-use,friction,9,0.4891091661920595,0.608003435208269,0.4826331693421839,0.39631423005403205,0.3181761416892692,0.29645852752034224,0.841204004445723,0.0,0.6830666666666667,0.08888888888888888,0.15555555555555556,0.3601625764453954,0.6755775399471283
tool-use,grasp_affordance,9,0.3561554228101054,0.5036310584456397,0.6317082770484007,0.4915854521184478,0.3721585474750613,0.3450426927275551,0.9927105734019297,0.0,0.5661333333333334,0.011111111111111112,0.019444444444444445,0.4951185909098754,0.9706696263259365
tool-use,local_geometry,9,0.3457475880013888,0.4945609237272546,0.6383573116157778,0.49604445241955264,0.37549955811845986,0.3480496023066139,0.9910304610969045,0.0,0.5661333333333334,0.011111111111111112,0.019444444444444445,0.5034711175183721,0.9642185903682164
tool-use,occlusion_depth,9,0.7369316193225096,0.8022888318862251,0.20394596267798282,0.21785737521238444,0.21560531776962324,0.20414478599266095,0.5730678401830825,0.0,0.7000000000000001,0.09999999999999999,0.17500000000000002,0.10373551664628045,0.20383344092868638
tool-use,payload,9,0.5106774805904597,0.6248297544766063,0.45856653014865834,0.380507579620488,0.3076037602553015,0.28694338422977134,0.8334708011688824,0.0,0.6830666666666667,0.08888888888888888,0.15555555555555556,0.33373162286047603,0.6571021968566115
tool-use,support_stiffness,9,0.7466500298765703,0.8091981676483042,0.18951605765201543,0.20849379257244677,0.20992762183157185,0.1990348596484147,0.5621846992087312,0.0,0.7000000000000001,0.09999999999999999,0.17500000000000002,0.08954127680115187,0.18506940476601166
tool-use,surface_anisotropy,9,0.49742261452487985,0.6140970339026952,0.4716247304860242,0.3889147312593844,0.31250944311250195,0.29135849880125175,0.8453107676213121,0.0,0.6830666666666667,0.08888888888888888,0.15555555555555556,0.3459958300034771,0.6817042454977998
tool-use,tactile_latency,9,0.7361371736486216,0.8007049949881155,0.19991702354858126,0.21522607113164588,0.21394772513370716,0.20265295262033645,0.5706780371795747,0.0,0.7000000000000001,0.09999999999999999,0.17500000000000002,0.09959153505649017,0.19971309092263848
twist,adhesion,9,0.7509358577643728,0.813559295285934,0.18988019660800862,0.20874479173853702,0.21010893014309373,0.18959803712878437,0.5621629109776507,0.0,0.7000000000000001,0.09999999999999999,0.17500000000000002,0.08999454757995659,0.18503183885035587
twist,backlash,9,0.40323602746723664,0.5403708355330323,0.5788552382851182,0.45711602688598596,0.3499157808802998,0.31542420279226985,0.9670986349419629,0.0,0.6492,0.06666666666666667,0.11666666666666667,0.4395116744229718,0.9142089303779909
twist,cable_tension,9,0.7381115240245416,0.8023067644021898,0.19782867822601757,0.2139841345921605,0.21364596322835466,0.1927813669055192,0.5643744227796376,0.0,0.7000000000000001,0.09999999999999999,0.17500000000000002,0.09883713029310884,0.1888447902330917
twist,compliance,9,0.5179834025366241,0.6300228921501707,0.44753464486433003,0.37346496537848894,0.30360861224211727,0.27374775101790555,0.8223215163724126,0.0,0.6830666666666667,0.08888888888888888,0.15555555555555556,0.32374375282751544,0.6368893211407034
twist,contact_mode,9,0.49077360814961035,0.6083606905410304,0.47591428346668363,0.39195694130473346,0.3153589579869744,0.28432306218827696,0.8380253000912169,0.0,0.6830666666666667,0.08888888888888888,0.15555555555555556,0.3531196171896582,0.6680471436337752
twist,fluid_fill,9,0.7537483112514707,0.8153417762030464,0.1845785378474988,0.2053115498385851,0.20797177802152064,0.18767460021936858,0.55876884228727,0.0,0.7000000000000001,0.09999999999999999,0.17500000000000002,0.08465166727602383,0.1791799962807339
twist,friction,9,0.5141446079360362,0.6282463114577518,0.45801576985091813,0.380339011739052,0.3081754600673935,0.27785791406065413,0.8260173579506919,0.0,0.6830666666666667,0.08888888888888888,0.15555555555555556,0.335160872390706,0.6442455326107654
twist,grasp_affordance,9,0.7405929470346984,0.8043993661878268,0.19589329544112224,0.21268806384376188,0.2127123514452237,0.19194111630070132,0.5644589285333653,0.0,0.7000000000000001,0.09999999999999999,0.17500000000000002,0.09650310083528152,0.18899048980848446
twist,local_geometry,9,0.7401907088526202,0.804425520215075,0.1980877328192846,0.21411603787484923,0.21365778363687468,0.1927920052731872,0.5652617667085654,0.0,0.7000000000000001,0.09999999999999999,0.17500000000000002,0.09886668131440898,0.19037469355882947
twist,occlusion_depth,9,0.7384658743424279,0.8025922933415848,0.19759675751661965,0.2137547299971896,0.21310021041379879,0.19229018937241893,0.5684871100520011,0.0,0.7000000000000001,0.09999999999999999,0.17500000000000002,0.09747274825671923,0.19593563035785655
twist,payload,9,0.5338454359250702,0.6424153841586541,0.4297311064300694,0.3618998274452796,0.2963604681317139,0.2672244213185424,0.8114158534597622,0.0,0.6830666666666667,0.08888888888888888,0.15555555555555556,0.30562339255150683,0.6163913702566898
twist,support_stiffness,9,0.7484608070957177,0.8099406754353634,0.18403577937189144,0.20493289446548468,0.20770083320231822,0.18743074988208644,0.5587739759317542,0.0,0.7000000000000001,0.09999999999999999,0.17500000000000002,0.08397430522801788,0.17918884739191326
twist,surface_anisotropy,9,0.5133055046827774,0.6259256886901409,0.45077197738395836,0.3754006133578783,0.3041123761281205,0.2742011385153085,0.8317859666722964,0.0,0.6830666666666667,0.08888888888888888,0.15555555555555556,0.3250031625425234,0.6561164977322317
twist,tactile_latency,9,0.7430521359181507,0.8061523761473425,0.1923038824722973,0.21033413409730584,0.21104718581083143,0.19044246722974825,0.5642843296233135,0.0,0.7000000000000001,0.09999999999999999,0.17500000000000002,0.09234018674930071,0.18868945720494673
wipe,adhesion,9,0.5696608808111409,0.6695442079894306,0.38588092358796433,0.3329444239276323,0.27628446024456454,0.2075560142201081,0.8048851421086984,0.0,0.6830666666666667,0.08888888888888888,0.15555555555555556,0.2554333728336337,0.6035184442487139
wipe,backlash,9,0.5720773339592314,0.6723453195397201,0.38772853802322704,0.33422661860162883,0.27741468987414075,0.20857322088672667,0.8025764743593894,0.0,0.6830666666666667,0.08888888888888888,0.15555555555555556,0.2582589469075741,0.6014218607852737
wipe,cable_tension,9,0.54762709349437,0.6538403505633128,0.41822582231248817,0.3540441902298096,0.28985496983431935,0.21976947285088747,0.821047087312702,0.0,0.6830666666666667,0.08888888888888888,0.15555555555555556,0.28935964680802084,0.6338047075763578
wipe,compliance,9,0.5586827369884775,0.6617186237881878,0.40170869047045427,0.34345295599903375,0.28379023436645695,0.21431121092981129,0.8048885905760217,0.0,0.6830666666666667,0.08888888888888888,0.15555555555555556,0.27419780813836475,0.605882212330505
wipe,contact_mode,9,0.538003208027192,0.6458633198058865,0.42641709231402497,0.35953370592898154,0.29393656544409086,0.2234429088996817,0.8193184861241788,0.0,0.6830666666666667,0.08888888888888888,0.15555555555555556,0.29956363583244927,0.6339026897664685
wipe,fluid_fill,9,0.5761972711254894,0.6741950681291886,0.376398556283215,0.32665932334566444,0.2718491431681466,0.20356422885133194,0.8043031676857536,0.0,0.6830666666666667,0.08888888888888888,0.15555555555555556,0.24434508014258885,0.6026139163619855
wipe,friction,9,0.3830707232618824,0.5240528672618825,0.5994581838349269,0.46994048,0.35602097777777775,0.27931887999999994,1.0,0.0,0.6056,0.03333333333333334,0.05833333333333332,0.4547746666666667,1.0
wipe,grasp_affordance,9,0.5552300009186575,0.658705494100082,0.4040946272842214,0.3449183106047486,0.28434371473479886,0.21480934326131895,0.8101999912686085,0.0,0.6830666666666667,0.08888888888888888,0.15555555555555556,0.2755815090592193,0.6155838657520083
wipe,local_geometry,9,0.5526847087261841,0.6573737596774056,0.41020561166398406,0.34896350317073793,0.2871858218784844,0.21736723969063595,0.8107095494596046,0.0,0.6830666666666667,0.08888888888888888,0.15555555555555556,0.28268677691843336,0.6156452873300525
wipe,occlusion_depth,9,0.5579543555583784,0.6612822825226522,0.40377813823967384,0.34442642321424627,0.2828150048662961,0.2134335043796665,0.8228792714640041,0.0,0.6830666666666667,0.08888888888888888,0.15555555555555556,0.2717597343879626,0.6405954435659924
wipe,payload,9,0.577301938120375,0.6767858064841559,0.3834401735421959,0.33161289454593645,0.27648664984010873,0.20773798485609787,0.7924651819897927,0.0,0.6830666666666667,0.08888888888888888,0.15555555555555556,0.2559388468224941,0.5821047199057727
wipe,support_stiffness,9,0.5876223022632026,0.684222685164803,0.36894943895308707,0.3220012763386685,0.2696538024999556,0.20158842224996007,0.792114167135535,0.0,0.6830666666666667,0.08888888888888888,0.15555555555555556,0.2388567284721113,0.5814995218811906
wipe,surface_anisotropy,9,0.40500751404442614,0.5417075247110927,0.5779411117099988,0.4556667022222222,0.3458254222222221,0.27014288,1.0,0.0,0.6492,0.06666666666666667,0.11666666666666667,0.4292857777777777,1.0
wipe,tactile_latency,9,0.5657814612697638,0.6671479602306528,0.39374377687304485,0.3378883298696303,0.27867459473407913,0.2097071352606712,0.817175277929296,0.0,0.6830666666666667,0.08888888888888888,0.15555555555555556,0.26140870905742,0.6274276280609521
